OBJECTID,IN_FID,NEAR_FID,NEAR_DIST
0,0,566,7253.848476787941763
0,1,566,7248.275431943780859
0,2,566,7257.021144070826267
0,3,566,7258.669408025434677
0,4,566,7260.125151465370436
0,5,566,7250.613418313037982
0,6,566,7272.595661727854349
0,7,566,7267.721272513718759
0,8,566,7009.414440965316317
0,9,566,7167.719549735634246
0,10,566,7347.747746065294450
0,11,566,7579.547963051185434
0,12,566,7525.652558283818507
0,13,566,7633.995118629609351
0,14,566,7678.256870851327221
0,15,566,7563.579021552244740
0,16,566,7558.596151590167210
0,17,566,7385.043680621168278
0,18,566,7241.921658855429087
0,19,566,7296.592777598509201
0,20,566,7269.730959004818942
0,21,566,7242.439390427551189
0,22,566,7277.516326193855093
0,23,566,7273.378574595780265
0,24,566,7270.832842771557807
0,25,566,7252.845902165618099
0,26,566,7248.495932535868633
0,27,566,7261.136527159840625
0,28,566,7291.481978894379608
0,29,566,7271.615709354708088
0,30,566,7246.142047368989552
0,31,566,7253.198854103558915
0,32,566,7246.767050118628504
0,33,566,7244.051750532998085
0,34,566,6941.880896022971683
0,35,566,6934.801620288472805
0,36,566,7269.593568089795554
0,37,566,7263.120065264613913
0,38,566,7257.238477047060769
0,39,566,7256.659194981843029
0,40,566,7266.581464463639350
0,41,566,7329.964515314146411
0,42,566,7270.571686485549435
0,43,566,7269.726626090531681
0,44,566,7271.570224377279374
0,45,566,7271.539457066889554
0,46,566,7270.087788278641710
0,47,566,7272.070768985206087
0,48,566,7271.579404209903259
0,49,566,7270.664159063149782
0,50,566,7269.242983405562882
0,51,566,7271.864664604916470
0,52,566,7273.308760634742612
0,53,566,7259.965465583571131
0,54,566,7274.398760060766108
0,55,566,7268.605440393409481
0,56,566,7270.287560349173873
0,57,566,7275.975054304255536
0,58,566,7270.479737733329785
0,59,566,7275.226149605601677
0,60,566,7273.747626160459731
0,61,566,7272.525650057970779
0,62,566,7275.203837477528396
0,63,566,7268.455867083305748
0,64,566,7255.587068021055529
0,65,566,7254.228410095666732
0,66,566,7252.151293370494386
0,67,566,7255.894225456357162
0,68,566,7256.849086313732187
0,69,566,7256.272254666394474
0,70,566,7257.785363170437449
0,71,566,7254.777409030851231
0,72,566,7260.237330013228529
0,73,566,7261.369392749832514
0,74,566,7254.433443675768103
0,75,566,7254.989464257893815
0,76,566,7273.257561070466181
0,77,566,7256.052230085914744
0,78,566,7263.912252680146594
0,79,566,7254.535462325412482
0,80,566,7250.402534284274225
0,81,566,7256.348170680794283
0,82,566,7265.372998763109536
0,83,566,7254.887887330285594
0,84,566,7253.795133405073102
0,85,566,7247.150167114772557
0,86,566,7256.398881401040853
0,87,566,7254.312286758722621
0,88,566,7252.875171958364263
0,89,566,7252.421072868131887
0,90,566,7255.773189934512629
0,91,566,7253.774366947618546
0,92,566,7255.484111829522590
0,93,566,7056.362605655376683
0,94,566,6938.872294504526508
0,95,566,6831.671343500828698
0,96,566,6974.708781513819304
0,97,566,7065.320168560627280
0,98,566,7188.702376737634040
0,99,566,7450.724164287727035
0,100,566,7658.494265961364363
0,101,566,7779.818803870080046
0,102,566,7652.679114708521411
0,103,566,7677.857668209710027
0,104,566,7683.230852950564440
0,105,566,7638.060499452341901
0,106,566,7472.726657916027762
0,107,566,7276.151700625670856
0,108,566,7268.052638367765212
0,109,566,7262.921847039397107
0,110,566,7274.692490613116206
0,111,566,7270.416923403791770
0,112,566,7266.864003334144400
0,113,566,7259.922298521696575
0,114,566,7264.063115676286543
0,115,566,7256.247866311852704
0,116,566,7233.619369719572205
0,117,566,7262.336430426248626
0,118,566,7262.373123104873230
0,119,566,7256.014500338535981
0,120,566,7258.253049300901694
0,121,566,7246.318653861910207
0,122,566,7007.408742982823242
0,123,566,7239.107184459289783
0,124,566,7240.796663738477946
0,125,566,7246.457913237602042
0,126,566,7263.214974189268105
0,127,566,7263.322320648366258
0,128,566,7274.248176049030917
0,129,566,7274.531237435413459
0,130,566,7274.217368320945752
0,131,566,7273.809355399067499
0,132,566,7264.968663397448836
0,133,566,7270.272590066157136
0,134,566,7267.172030279712999
0,135,566,7270.832842771557807
0,136,566,7263.965091103866143
0,137,566,7267.774650503276462
0,138,566,7271.628306400588372
0,139,566,7269.771968173229652
0,140,566,7270.540978698126310
0,141,566,7275.226289398457084
0,142,566,7270.963514805368504
0,143,566,7270.488354899278420
0,144,566,7258.100168542291613
0,145,566,7275.156496811328907
0,146,566,7270.549875630666975
0,147,566,7275.939621580684616
0,148,566,7270.160114639353196
0,149,566,7264.181680668780245
0,150,566,7265.619061204149148
0,151,566,7264.045383186836261
0,152,566,7264.015024248319605
0,153,566,7265.474450074411834
0,154,566,7268.011188719809070
0,155,566,7261.477436866572134
0,156,566,7256.594223130267892
0,157,566,7252.374496862869819
0,158,566,7253.956915147016844
0,159,566,7260.465444904890319
0,160,566,7250.010383982541498
0,161,566,7265.209698504361768
0,162,566,7250.349207750830828
0,163,566,7252.362870312009363
0,164,566,7261.050292345152229
0,165,566,7252.362870312009363
0,166,566,7254.193485904552290
0,167,566,7255.033121230572760
0,168,566,7253.573904858674723
0,169,566,7238.668581834393990
0,170,566,7238.932046384496971
0,171,566,7243.142992375016547
0,172,566,7236.594877488492784
0,173,566,7237.799720467533916
0,174,566,7253.916950226382141
0,175,566,7252.970370324706892
0,176,566,7259.523519109165136
0,177,566,7235.703373053745963
0,178,566,7114.538897156257008
0,179,566,6984.325517765266341
0,180,566,7131.382693337255660
0,181,566,7227.494162566299565
0,182,566,7148.632556369769190
0,183,566,7110.171322852008416
0,184,566,7026.140679334997003
0,185,566,7031.277125590904689
0,186,566,7018.838287781391955
0,187,566,7204.826644239946290
0,188,566,7184.346699771931526
0,189,566,7143.908201163455487
0,190,566,7054.813008265426106
0,191,566,7023.389908448651113
0,192,566,7057.911100889099544
0,193,566,7113.075201043457128
0,194,566,7176.207768698895961
0,195,566,7169.059381854362073
0,196,566,7243.064377509675978
0,197,566,7258.684011404852754
0,198,566,7286.915114690262271
0,199,566,7269.035411640989878
0,200,566,7277.069022140089146
0,201,566,7270.461421558652546
0,202,566,7282.363086609405400
0,203,566,7289.271069457889098
0,204,566,7272.080021821920127
0,205,566,7269.942066822897687
0,206,566,7269.448436797119030
0,207,566,7270.680645622459451
0,208,566,7271.249977933154696
0,209,566,7268.439262425227753
0,210,566,7262.574518632687614
0,211,566,7263.882523532138293
0,212,566,7156.024277820497446
0,213,566,7255.638218036838225
0,214,566,7248.756264248318985
0,215,566,7259.938799212877711
0,216,566,7249.378067483088671
0,217,566,7250.904786594914185
0,218,566,7260.339632636217175
0,219,566,7245.051030713193541
0,220,566,7274.240361347689031
0,221,566,7237.374130369002160
0,222,566,7260.152877869042641
0,223,566,7256.255897934073801
0,224,566,7255.693411289167670
0,225,566,7257.489679963201525
0,226,566,7259.328377654505857
0,227,566,7253.213728572588479
0,228,566,7254.604118609391662
0,229,566,7256.234022151969839
0,230,566,7260.769683657724272
0,231,566,7256.929829547226291
0,232,566,7256.203813052338774
0,233,566,7254.462247934511652
0,234,566,7258.485595022558300
0,235,566,7256.162644871192242
0,236,566,7254.196823384028903
0,237,566,7256.020512535369562
0,238,566,7255.577599957236998
0,239,566,7252.475841830834725
0,240,566,7252.056066800150802
0,241,566,7254.291758500336982
0,242,566,7258.912085421906340
0,243,566,7254.431477622707462
0,244,566,7251.883548868212529
0,245,566,7252.875171958364263
0,246,566,7246.809802535763993
0,247,566,7254.885812526506015
0,248,566,7259.882526903629696
0,249,566,7255.214294046852046
0,250,566,7252.295042284780720
0,251,566,7251.214996763729687
0,252,566,7245.476577105769138
0,253,566,7251.190745181133934
0,254,566,7247.643046266647616
0,255,566,7246.935561707997294
0,256,566,7246.981622347318989
0,257,566,7251.421689854590113
0,258,566,7235.498867547654299
0,259,566,7240.379863111151280
0,260,566,7253.021427764131658
0,261,566,7252.762701669849775
0,262,566,7253.201551579762963
0,263,566,7252.187868067692762
0,264,566,7263.475646206075908
0,265,566,7494.308468301093853
0,266,566,7611.397159874843965
0,267,566,7702.489371283671971
0,268,566,7627.393913928014626
0,269,566,7470.052276600411460
0,270,566,7578.057826326542454
0,271,566,7513.174973357197814
0,272,566,7530.738912873546724
0,273,566,7506.325901597616394
0,274,566,7485.134820405432947
0,275,566,7404.907764118638624
0,276,566,7319.391485248257595
0,277,566,7350.208660115022212
0,278,566,7250.410344441123016
0,279,566,7271.896882745815674
0,280,566,7269.564651984623197
0,281,566,7269.925705761909740
0,282,566,7279.448562746531934
0,283,566,7270.457681838567623
0,284,566,7289.245112459326265
0,285,566,7288.568537152049430
0,286,566,7275.495872791830152
0,287,566,7284.130964877896076
0,288,566,7278.538931233470066
0,289,566,7262.968586612618310
0,290,566,7262.089077273944895
0,291,566,7244.815930254728300
0,292,566,7257.222113052089298
0,293,566,7260.197164224105109
0,294,566,7266.797967744893867
0,295,566,7267.188305862250672
0,296,566,7276.298038777807051
0,297,566,7274.617040131732210
0,298,566,7271.972576706218206
0,299,566,7262.451998225266834
0,300,566,7078.175876387187600
0,301,566,7274.711239754317830
0,302,566,7268.174754544264943
0,303,566,7267.444970594092410
0,304,566,7272.965709332818733
0,305,566,7269.526151019758800
0,306,566,7251.624523063752349
0,307,566,7254.682501522625898
0,308,566,7255.171587220450419
0,309,566,7254.376445365944164
0,310,566,7250.986612771601358
0,311,566,7252.939228474105221
0,312,566,7257.544378244650034
0,313,566,7253.651492645510189
0,314,566,7251.094206816461337
0,315,566,7253.197508470725552
0,316,566,7252.266602775177489
0,317,566,7252.723125758498099
0,318,566,7253.129859868815402
0,319,566,7251.873169512096865
0,320,566,7262.441984818237870
0,321,566,7200.636730579262803
0,322,566,7260.427836719258266
0,323,566,7266.512450032646484
0,324,566,7303.182249496458098
0,325,566,7299.382314158844565
0,326,566,7274.056306712742298
0,327,566,7270.310336936927342
0,328,566,7269.148222357143823
0,329,566,7267.757948576535455
0,330,566,7273.140963224238476
0,331,566,7267.878206573995158
0,332,566,7253.619970743550766
0,333,566,7259.645034222477079
0,334,566,7253.557101936318759
0,335,566,7252.890423389544594
0,336,566,7253.885725237641964
0,337,566,7252.717514188375389
0,338,566,7247.809665771976142
0,339,566,7252.203610973335344
0,340,566,7251.529287889286934
0,341,566,7246.464915656407356
0,342,566,7249.542680045250563
0,343,566,7257.278834581613410
0,344,566,7248.451523511730556
0,345,566,7252.543961909931568
0,346,566,7248.399248025850284
0,347,566,7251.935479985319944
0,348,566,7238.190857308704835
0,349,566,7262.938132288729321
0,350,566,7255.708662113102946
0,351,566,7258.237580569314559
0,352,566,7255.415175910309699
0,353,566,7255.458840572726331
0,354,566,7253.621332602455368
0,355,566,7150.456271705445943
0,356,566,6929.105096804742971
0,357,566,6966.140963075349646
0,358,566,7183.523482832261834
0,359,566,7388.690148507169397
0,360,566,7371.371592683285598
0,361,566,7369.705706395320703
0,362,566,7376.295140617448851
0,363,566,7377.176821573760208
0,364,566,7376.325894683694059
0,365,566,7502.237694124942209
0,366,566,7782.745119508841526
0,367,566,8052.951744246722228
0,368,566,8126.273270306600352
0,369,566,7950.988902662370492
0,370,566,7683.740216243261784
0,371,566,7542.079942965210648
0,372,566,7422.467218965687607
0,373,566,7253.364958366149040
0,374,566,7251.920112638905266
0,375,566,7247.436239410388225
0,376,566,7244.227922409769235
0,377,566,7260.375678955477269
0,378,566,7264.813561500294782
0,379,566,7261.913242741317845
0,380,566,7265.985954239005878
0,381,566,7272.465016504577761
0,382,566,7276.160793950653897
0,383,566,7268.355677121437111
0,384,566,7261.683925605154400
0,385,566,7264.665611977768094
0,386,566,7244.112990710334998
0,387,566,7261.345387644734728
0,388,566,7311.850188833644097
0,389,566,7258.328845885343981
0,390,566,7273.533384926888175
0,391,566,7251.940368039931855
0,392,566,7251.878378629033250
0,393,566,7250.709323244882398
0,394,566,7247.973352404289471
0,395,566,7252.348058290260269
0,396,566,7247.295103320274393
0,397,566,7259.464060921914097
0,398,566,7249.979124882480392
0,399,566,7236.267010902789480
0,400,566,7246.502987318970554
0,401,566,7245.207015685318765
0,402,566,7250.498302214465184
0,403,566,7251.702898100991661
0,404,566,7249.551315722009349
0,405,566,7249.768838316181245
0,406,566,7251.204418671346502
0,407,566,7255.538647720161862
0,408,566,7266.104590145781913
0,409,566,7259.216319182965890
0,410,566,7264.369195730354477
0,411,566,7260.945462840022628
0,412,566,7259.905989150505775
0,413,566,7282.256721951574946
0,414,566,7260.030117217521365
0,415,566,7275.673754600292341
0,416,566,7253.843506903273010
0,417,566,7248.865448434820792
0,418,566,7250.810864269213198
0,419,566,7250.873420797764993
0,420,566,7253.278172814482787
0,421,566,7251.394099913735772
0,422,566,7281.232658702311710
0,423,566,7254.390800708270035
0,424,566,7257.476343523237119
0,425,566,7243.700095222706295
0,426,566,7249.577865323581136
0,427,566,7252.201753182720495
0,428,566,7256.073358007235584
0,429,566,7259.990149890656539
0,430,566,7270.755401203283327
0,431,566,7260.558615054103939
0,432,566,7258.751289079059461
0,433,566,7258.838788111290341
0,434,566,7248.658235493768188
0,435,566,7254.209542595150197
0,436,566,7255.085589419855751
0,437,566,7252.908144963668747
0,438,566,7258.666838196831122
0,439,566,7252.793633688677801
0,440,566,7260.875673714304867
0,441,566,7185.654707744186453
0,442,566,7393.353426571421551
0,443,566,7621.631906398103638
0,444,566,7823.766545693429180
0,445,566,8036.111077638319330
0,446,566,8263.258722464615857
0,447,566,8185.991500987389372
0,448,566,8184.745843966874418
0,449,566,8124.081202594535171
0,450,566,8199.542203108670947
0,451,566,8090.499399376361907
0,452,566,7827.477812069274478
0,453,566,7716.786427907825782
0,454,566,7731.578219169151453
0,455,566,7752.154461010078194
0,456,566,7764.618105048198231
0,457,566,7715.810501188363560
0,458,566,7597.671888968146959
0,459,566,7604.467968214847133
0,460,566,7508.490774994405001
0,461,566,7233.068818563563582
0,462,566,7256.127182450713008
0,463,566,7258.182244477466156
0,464,566,7259.404468254972926
0,465,566,7261.232219454047481
0,466,566,7253.145590947308847
0,467,566,7264.210831270458584
0,468,566,7260.225682635845260
0,469,566,7261.200534700416028
0,470,566,7271.710026947230290
0,471,566,7265.537215216410914
0,472,566,7271.679107660023874
0,473,566,7272.210528557594444
0,474,566,7042.764414819221201
0,475,566,7249.817255075227877
0,476,566,7278.807938955009377
0,477,566,7260.130443419487165
0,478,566,7262.852870590010752
0,479,566,7264.190181372061488
0,480,566,7264.629362264424344
0,481,566,7261.694170392525848
0,482,566,7262.173033578060313
0,483,566,7263.820166686421544
0,484,566,7250.478902948714676
0,485,566,7255.054554258666030
0,486,566,7259.543962963341073
0,487,566,7254.260055135760922
0,488,566,7252.549490261633764
0,489,566,7250.892915167072715
0,490,566,7255.117241268900216
0,491,566,7255.766016339985072
0,492,566,7263.921794908441370
0,493,566,7257.515983057706762
0,494,566,7256.389807472289249
0,495,566,7249.188867181830574
0,496,566,7258.377451649399518
0,497,566,7238.808747453184878
0,498,566,7258.628542313158505
0,499,566,7261.421368639761567
0,500,566,7258.616439050117151
0,501,566,7253.309444785858432
0,502,566,7258.133801661918369
0,503,566,7257.660899930182495
0,504,566,7259.436301557651859
0,505,566,7258.252508066601877
0,506,566,7257.954218764562029
0,507,566,7258.809394160125521
0,508,566,7256.442957670359647
0,509,566,7287.865753256343851
0,510,566,7267.947141051170547
0,511,566,7254.312108026912938
0,512,566,7255.786949151506633
0,513,566,7248.615014714469908
0,514,566,7245.668512518289390
0,515,566,7257.183406296901012
0,516,566,7256.918310533109434
0,517,566,7254.971062177591193
0,518,566,7258.271909356975812
0,519,566,7257.625707633770617
0,520,566,7250.482817551664994
0,521,566,7256.760971459211760
0,522,566,7257.255573209582508
0,523,566,7253.325284769951395
0,524,566,7262.101339343008476
0,525,566,7258.890795510421412
0,526,566,7243.079506401760227
0,527,566,7254.547148399634352
0,528,566,7253.901645342750271
0,529,566,7318.909992010295355
0,530,566,7113.150279971384407
0,531,566,7084.808795274774639
0,532,566,7069.782688473112103
0,533,566,7192.513849320995178
0,534,566,7212.935196989908036
0,535,566,7194.298935454044113
0,536,566,7132.168376455865655
0,537,566,7144.583510956647842
0,538,566,7250.492092625051555
0,539,566,7397.574568084156454
0,540,566,7615.036892211222039
0,541,566,7839.661714175086672
0,542,566,7934.674746088221582
0,543,566,7808.555627362923587
0,544,566,7693.670138660035263
0,545,566,7575.315136434080159
0,546,566,7426.988377281316389
0,547,566,7289.673531787936554
0,548,566,7266.840124787264358
0,549,566,7262.959276961380965
0,550,566,7264.942083615506817
0,551,566,7267.941839948472079
0,552,566,7257.724875021169282
0,553,566,7253.786723090507621
0,554,566,7253.670666817373785
0,555,566,7260.544321827505883
0,556,566,7264.917422189541867
0,557,566,7273.986495393526639
0,558,566,7273.850925145345172
0,559,566,7275.035864971757292
0,560,566,7274.010492246347894
0,561,566,7268.346037910127961
0,562,566,7269.687322171698725
0,563,566,7261.189736555662421
0,564,566,7247.281000580221189
0,565,566,7258.366679782324354
0,566,566,7260.366616362653986
0,567,566,7259.577313439618592
0,568,566,7264.304241953168457
0,569,566,7259.141809751626170
0,570,566,7264.776196387851087
0,571,566,7268.042605985101545
0,572,566,7278.812356190255741
0,573,566,7261.379768416004481
0,574,566,7264.059554096036663
0,575,566,7260.809777018895147
0,576,566,7261.340248943583902
0,577,566,7258.187053925057626
0,578,566,7258.652231053529249
0,579,566,7257.870993590849139
0,580,566,7256.816054649657417
0,581,566,7259.886974567328252
0,582,566,7264.866871583301872
0,583,566,7267.604054875639122
0,584,566,7274.239235189788815
0,585,566,7271.720479582650114
0,586,566,7274.592189709662307
0,587,566,7268.534901993605672
0,588,566,7271.314173671378740
0,589,566,7269.595218543560804
0,590,566,7272.409909751360829
0,591,566,7271.742008776601324
0,592,566,7266.864003334144400
0,593,566,7268.780768111557336
0,594,566,7267.818367471571946
0,595,566,7264.622699626831491
0,596,566,7259.792865892600275
0,597,566,7268.585950334222616
0,598,566,7260.314020356604487
0,599,566,7266.050291031081542
0,600,566,7267.343202007135915
0,601,566,7266.327006321310364
0,602,566,7265.020201712594826
0,603,566,7249.983174861898988
0,604,566,7265.227298622658054
0,605,566,7258.972972687180118
0,606,566,7267.281144601281085
0,607,566,7266.595864006902957
0,608,566,7265.443896716054041
0,609,566,7261.937381551558246
0,610,566,7266.520109104430048
0,611,566,7260.152910503961721
0,612,566,7251.384932429190485
0,613,566,7250.509268845329643
0,614,566,7253.208033143595458
0,615,566,7255.416830399442006
0,616,566,7253.332310517260339
0,617,566,7256.279913651439529
0,618,566,7250.207581129646314
0,619,566,7258.732385538322887
0,620,566,7245.662088304047757
0,621,566,7257.722516744603126
0,622,566,7263.128271403571489
0,623,566,7254.279996394525369
0,624,566,7258.077028879454701
0,625,566,7249.538072545741670
0,626,566,7255.621363042339908
0,627,566,7111.841211891413877
0,628,566,7182.025174329288348
0,629,566,7077.221267039287341
0,630,566,7121.382591485483317
0,631,566,7247.954535655640029
0,632,566,7227.972689752155929
0,633,566,7480.286688332802441
0,634,566,7664.887898196553579
0,635,566,7698.072119136206311
0,636,566,7788.107475710468862
0,637,566,7925.613521292505538
0,638,566,7878.096060540661711
0,639,566,7719.314356290073192
0,640,566,7580.985781305206729
0,641,566,7461.837219375794120
0,642,566,7251.947443706246304
0,643,566,7254.929839154880028
0,644,566,7255.356867940312441
0,645,566,7250.779660479114682
0,646,566,7242.614550969417905
0,647,566,7240.913594190060394
0,648,566,7264.896712234061852
0,649,566,7248.940237285073636
0,650,566,7078.179801145371130
0,651,566,7078.997247882088232
0,652,566,7446.138552811256886
0,653,566,7244.057023698244848
0,654,566,7262.906868129998657
0,655,566,7267.540533460563893
0,656,566,7259.532151155564861
0,657,566,7249.208655396804716
0,658,566,7258.546649176580104
0,659,566,7261.179185897371099
0,660,566,7258.645829316021263
0,661,566,7247.471694136547740
0,662,566,7257.342141492842529
0,663,566,7263.336470889314114
0,664,566,7282.117728786860425
0,665,566,7263.758998653504932
0,666,566,7267.229271053757657
0,667,566,7265.619061204149148
0,668,566,7280.765736771937554
0,669,566,7266.571541967608027
0,670,566,7264.994292511025378
0,671,566,7268.602592458958497
0,672,566,7268.945174147785110
0,673,566,7268.491187748575612
0,674,566,7266.673277401285304
0,675,566,7261.948850367542946
0,676,566,7279.678798703214852
0,677,566,7243.870242459492147
0,678,566,7238.601361434441060
0,679,566,7243.149454417095512
0,680,566,7240.709209964864385
0,681,566,7251.345387502135964
0,682,566,7241.312328576867003
0,683,566,7236.410997207422952
0,684,566,7258.460602639760509
0,685,566,7238.330212890614348
0,686,566,7240.169472613481958
0,687,566,7233.799060506690694
0,688,566,7238.190321349065016
0,689,566,7228.022170032772010
0,690,566,7238.170001376908658
0,691,566,7235.820953245548480
0,692,566,7252.850084855635032
0,693,566,7237.330497813851252
0,694,566,7250.334823591498207
0,695,566,7236.864859743544912
0,696,566,7238.222149526383873
0,697,566,7227.043541497409024
0,698,566,7240.141357930420781
0,699,566,7240.212024661936994
0,700,566,7238.971720933589495
0,701,566,7240.913249514698691
0,702,566,7238.517208558509083
0,703,566,7237.661893604809848
0,704,566,7245.580116897454900
0,705,566,7240.574815285737714
0,706,566,7260.911857579419120
0,707,566,7259.196945641720049
0,708,566,7261.252265363271363
0,709,566,7246.576895380489987
0,710,566,7235.932989579855530
0,711,566,7235.262025646968141
0,712,566,7242.199964547527088
0,713,566,7251.122783376405096
0,714,566,7349.686690955782069
0,715,566,7686.751611811426301
0,716,566,7921.385145799410566
0,717,566,8164.888203942846303
0,718,566,8224.278819203218518
0,719,566,7954.397374695825420
0,720,566,8079.507930311281598
0,721,566,7978.750535315658453
0,722,566,7851.442404295264168
0,723,566,7581.101756562576156
0,724,566,7540.974863780316809
0,725,566,7402.589756018102889
0,726,566,7266.973573956637665
0,727,566,7264.999905674301772
0,728,566,7265.148325953999120
0,729,566,7247.168846632175701
0,730,566,7251.333046625338284
0,731,566,7239.914713836001283
0,732,566,7264.387114718023440
0,733,566,7259.164526468543045
0,734,566,7259.298567345665106
0,735,566,7258.347739423530584
0,736,566,7262.165373418521085
0,737,566,7252.153366345302857
0,738,566,7248.996853118869694
0,739,566,7243.471600911848327
0,740,566,7250.153681473473625
0,741,566,7075.802039308501662
0,742,566,7355.247899510196476
0,743,566,7271.010781842499455
0,744,566,7266.398097227572180
0,745,566,7269.098065349098761
0,746,566,7263.098353540201970
0,747,566,7260.530741388134629
0,748,566,7261.545510951366850
0,749,566,7251.005732310733947
0,750,566,7258.906142794358857
0,751,566,7245.425827269728870
0,752,566,7259.715753674689040
0,753,566,7256.273900595765554
0,754,566,7271.041045550131457
0,755,566,7250.770326099457634
0,756,566,7264.458829957641683
0,757,566,7252.244499169024493
0,758,566,7258.938529818715324
0,759,566,7263.860447347218724
0,760,566,7269.788237102323365
0,761,566,7268.033346203172187
0,762,566,7265.813758349721866
0,763,566,7267.458558874560367
0,764,566,7266.442216924359855
0,765,566,7271.236066575699624
0,766,566,7265.719972154891366
0,767,566,7270.213863353086708
0,768,566,7266.524168240661311
0,769,566,7266.381165746597617
0,770,566,7255.632793657412549
0,771,566,7260.474394108236993
0,772,566,7260.417083704614924
0,773,566,7262.368758629348122
0,774,566,7261.982162713018624
0,775,566,7259.922298521696575
0,776,566,7258.207639565245699
0,777,566,7272.943971431458522
0,778,566,7262.399335764042007
0,779,566,7261.567491089857867
0,780,566,7263.191763929971785
0,781,566,7263.839629093637996
0,782,566,7261.423185265262873
0,783,566,7261.713428599040526
0,784,566,7262.553095462684723
0,785,566,7263.575454657862792
0,786,566,7263.291718281013345
0,787,566,7262.237870459833175
0,788,566,7258.834266425164969
0,789,566,7262.935814424111413
0,790,566,7258.124140506242838
0,791,566,7236.995665472721157
0,792,566,7240.759118598764871
0,793,566,7240.511221467589166
0,794,566,7238.939618023270668
0,795,566,7253.546865442931448
0,796,566,7257.678044916748149
0,797,566,7221.432523967480847
0,798,566,7176.335669798942035
0,799,566,6842.406163866259703
0,800,566,6911.917083905700565
0,801,566,7068.072283515663003
0,802,566,7152.727047872589537
0,803,566,7246.175822344767766
0,804,566,7216.844736776466561
0,805,566,7065.812685352552762
0,806,566,6998.703471568851455
0,807,566,7066.888423577403046
0,808,566,7180.342960707847851
0,809,566,7213.232397769021190
0,810,566,7234.157994074927956
0,811,566,7353.659806303969162
0,812,566,7563.733337531780307
0,813,566,7673.334566451002502
0,814,566,7679.180131496569629
0,815,566,7577.358849872017345
0,816,566,7500.788678445603182
0,817,566,7232.343176247552947
0,818,566,7268.302378495826815
0,819,566,7265.994175531535802
0,820,566,7263.471919703722961
0,821,566,7278.252949974639705
0,822,566,7265.272790804308897
0,823,566,7264.412077496221173
0,824,566,7447.902197599139981
0,825,566,7261.959450771767479
0,826,566,7263.514175467282257
0,827,566,7261.212158129924319
0,828,566,7251.631140363380837
0,829,566,7247.559266254538670
0,830,566,7111.255682007180440
0,831,566,7267.751789891710359
0,832,566,7261.506375256120918
0,833,566,7249.695592194542769
0,834,566,7263.283353414521116
0,835,566,7267.043403997622590
0,836,566,7262.969454706480974
0,837,566,7263.032274316580697
0,838,566,7258.736188444935578
0,839,566,7262.054033281014199
0,840,566,7260.333045608901557
0,841,566,7261.521960696902170
0,842,566,7264.724293760467845
0,843,566,7264.149580448658526
0,844,566,7263.329354245563081
0,845,566,7261.352854898079386
0,846,566,7262.883535924289390
0,847,566,7260.739604298553786
0,848,566,7238.055134067051767
0,849,566,7263.444294280144277
0,850,566,7262.552337342036481
0,851,566,7259.379557257047964
0,852,566,7266.075619339142577
0,853,566,7264.220889461668776
0,854,566,7263.676092112235892
0,855,566,7263.032274316580697
0,856,566,7262.350818213605635
0,857,566,7270.873468263234827
0,858,566,7262.804340664336451
0,859,566,7264.560269721881014
0,860,566,7262.681202669705272
0,861,566,7262.773256167618456
0,862,566,7261.913242741317845
0,863,566,7263.258962631064605
0,864,566,7266.552744723986507
0,865,566,7260.893038622146378
0,866,566,7265.960578874244675
0,867,566,7262.975611851153189
0,868,566,7261.383912981420508
0,869,566,7263.921794908441370
0,870,566,7262.536873662193102
0,871,566,7269.874079480653563
0,872,566,7264.067426439627525
0,873,566,7265.564560054945105
0,874,566,7272.246067655483785
0,875,566,7260.323139452355463
0,876,566,7262.867702270941663
0,877,566,7264.612710154708111
0,878,566,7261.668274378712340
0,879,566,7261.765969684938682
0,880,566,7263.129286797186978
0,881,566,7263.520869350985777
0,882,566,7254.187815143417538
0,883,566,7252.283664725228846
0,884,566,7246.729070014645913
0,885,566,7353.616607091347760
0,886,566,7616.249077509098242
0,887,566,7658.801695228076824
0,888,566,7821.575697974210925
0,889,566,7990.875672127674989
0,890,566,8108.783250390854846
0,891,566,8024.296793812753094
0,892,566,8033.597517756164052
0,893,566,7938.158799304293098
0,894,566,8199.037445850397489
0,895,566,8172.031432909085197
0,896,566,8104.701930894253564
0,897,566,7979.611741940319916
0,898,566,7831.879120339785914
0,899,566,7665.753869894921081
0,900,566,7448.941140345067652
0,901,566,7344.761647160203211
0,902,566,7270.716305893402023
0,903,566,7266.533977551565840
0,904,566,7257.095364896522369
0,905,566,7267.529983100584104
0,906,566,7283.972335918957469
0,907,566,7273.522826587094642
0,908,566,7260.951532295193829
0,909,566,7285.514660682457361
0,910,566,7271.838143669395322
0,911,566,7267.132598550756484
0,912,566,7262.088469743127462
0,913,566,7254.921059485156547
0,914,566,7274.376271970199014
0,915,566,7273.738758305321426
0,916,566,7264.967846943598488
0,917,566,7265.794377257849192
0,918,566,7639.245525585596624
0,919,566,7256.527225084341808
0,920,566,7262.460664839878518
0,921,566,7271.367032911894057
0,922,566,7269.659026230155177
0,923,566,7266.904970790355947
0,924,566,7270.509900184733851
0,925,566,7267.930468946990004
0,926,566,7267.508013811197998
0,927,566,7268.423542839772381
0,928,566,7267.180576414037205
0,929,566,7269.171570574661018
0,930,566,7267.707808315487455
0,931,566,7269.819129922106185
0,932,566,7272.080021821920127
0,933,566,7268.115185687819576
0,934,566,7260.662222226700578
0,935,566,7274.087503006371662
0,936,566,7271.733131864853931
0,937,566,7268.662021669615569
0,938,566,7272.587804869244792
0,939,566,7272.666304748981929
0,940,566,7288.836538401058533
0,941,566,7269.134851885653916
0,942,566,7263.389209980572559
0,943,566,7273.755413077893536
0,944,566,7272.820098215404869
0,945,566,7277.639487939011815
0,946,566,7274.593630801798099
0,947,566,7257.210920915577844
0,948,566,7271.684427436420265
0,949,566,7273.774967665956865
0,950,566,7271.091170814670477
0,951,566,7273.992769744286306
0,952,566,7270.203018058715315
0,953,566,7273.850925145345172
0,954,566,7266.533977551565840
0,955,566,7272.926733732248977
0,956,566,7272.139560293388058
0,957,566,7273.164260932172510
0,958,566,7269.971953120813851
0,959,566,7271.409281948415810
0,960,566,7269.550088405437236
0,961,566,7283.347039616298389
0,962,566,7265.156180851527097
0,963,566,7271.064329043019825
0,964,566,7275.660261650721623
0,965,566,7274.839094806858157
0,966,566,7274.974047221885485
0,967,566,7270.382346773820245
0,968,566,7275.991867331016692
0,969,566,7252.507028937305222
0,970,566,7257.753910807703505
0,971,566,7253.929934927615250
0,972,566,7243.584429530593297
0,973,566,7267.202999144276873
0,974,566,7241.317019747483755
0,975,566,7565.640063881956848
0,976,566,7845.381337151984553
0,977,566,7868.070797927798594
0,978,566,7866.991556823720202
0,979,566,7956.780877058062288
0,980,566,7852.362963478536585
0,981,566,7850.805661443224380
0,982,566,7870.437689934698028
0,983,566,7908.272485572985715
0,984,566,7877.445273866614116
0,985,566,7860.694560699647809
0,986,566,7884.055020655247063
0,987,566,7910.921790392961157
0,988,566,7875.053856163662203
0,989,566,7686.927288430418230
0,990,566,7462.252952960572657
0,991,566,7252.888635092818731
0,992,566,7270.065836240997669
0,993,566,7246.296634553128570
0,994,566,7260.005388230078097
0,995,566,7263.295342505048211
0,996,566,7264.673732192317402
0,997,566,7265.754596763755217
0,998,566,7263.972857692258913
0,999,566,7265.121372936451735
0,1000,566,7271.669480996571110
0,1001,566,7269.770562482801324
0,1002,566,7276.236290519465001
0,1003,566,7272.134043330864188
0,1004,566,7263.465397531460439
0,1005,566,7270.030710877034835
0,1006,566,7265.095831674124383
0,1007,566,7255.021460126295096
0,1008,566,7228.804225038274126
0,1009,566,7259.205353326408840
0,1010,566,7261.642901191552482
0,1011,566,7260.375678955477269
0,1012,566,7262.574795439078116
0,1013,566,7262.883196867475817
0,1014,566,7260.913335676656970
0,1015,566,7265.135169208256229
0,1016,566,7261.576238062723860
0,1017,566,7264.375303694648210
0,1018,566,7263.829130718044325
0,1019,566,7264.212188181209058
0,1020,566,7263.305729366679770
0,1021,566,7258.910422114794528
0,1022,566,7267.022505438708322
0,1023,566,7270.132718252441009
0,1024,566,7275.392924078548276
0,1025,566,7273.285768706823546
0,1026,566,7272.894115907055493
0,1027,566,7270.525120417149083
0,1028,566,7272.894115907055493
0,1029,566,7269.940770530592090
0,1030,566,7268.574995432350079
0,1031,566,7275.056018018425675
0,1032,566,7279.701645608800391
0,1033,566,7275.688719636080350
0,1034,566,7273.912180075483775
0,1035,566,7269.008396906909184
0,1036,566,7292.842303393284965
0,1037,566,7270.510329113868465
0,1038,566,7268.535930324313085
0,1039,566,7272.537996343991836
0,1040,566,7273.232337056248070
0,1041,566,7280.751950382727955
0,1042,566,7269.788237102323365
0,1043,566,7270.163570263071961
0,1044,566,7271.610369572070340
0,1045,566,7271.174704776637554
0,1046,566,7272.310124478094622
0,1047,566,7265.909858837508182
0,1048,566,7270.633276668753751
0,1049,566,7269.788237102323365
0,1050,566,7269.120020324602592
0,1051,566,7271.156891604527118
0,1052,566,7270.286309713189439
0,1053,566,7269.432935641018048
0,1054,566,7269.771968173229652
0,1055,566,7243.743279360109227
0,1056,566,7252.547879106587970
0,1057,566,7251.348267508778008
0,1058,566,7244.672808631459702
0,1059,566,7251.924914641828764
0,1060,566,7253.839532353355935
0,1061,566,7250.426328155442206
0,1062,566,7256.831011938927986
0,1063,566,7267.630893964268580
0,1064,566,7304.611870859914234
0,1065,566,7479.076758729821449
0,1066,566,7699.290470422265571
0,1067,566,7925.938367368225954
0,1068,566,8188.772355270827575
0,1069,566,8281.056167404003645
0,1070,566,8280.064749394725368
0,1071,566,8276.206266664436043
0,1072,566,8186.632374355384854
0,1073,566,8161.200436083313434
0,1074,566,8088.678871596813224
0,1075,566,7868.097728303614531
0,1076,566,7712.454626478762293
0,1077,566,7598.085585914813237
0,1078,566,7237.768361415482104
0,1079,566,7275.858097167020787
0,1080,566,7274.118757468662807
0,1081,566,7259.036945741688214
0,1082,566,7265.045182338768427
0,1083,566,7270.441501451491604
0,1084,566,7265.508960708056293
0,1085,566,7267.409277195984032
0,1086,566,7268.480652583270967
0,1087,566,7266.408830412453426
0,1088,566,7269.247764107185503
0,1089,566,7276.007428645235450
0,1090,566,7264.899093015817925
0,1091,566,7266.273339270324868
0,1092,566,7264.365021602708111
0,1093,566,7261.442004092351453
0,1094,566,7263.198799606739158
0,1095,566,7268.515020205584733
0,1096,566,7263.843614400631850
0,1097,566,7267.028767443668585
0,1098,566,7263.473340182948959
0,1099,566,7267.367152154973155
0,1100,566,7267.451191093948182
0,1101,566,7265.720083360003628
0,1102,566,7266.632645799091733
0,1103,566,7265.796400542245465
0,1104,566,7253.559592880355012
0,1105,566,7266.507466913717508
0,1106,566,7269.661515923625302
0,1107,566,7270.115746452802341
0,1108,566,7260.727336458369791
0,1109,566,7265.643897581543570
0,1110,566,7265.073740673964494
0,1111,566,7284.333340524768573
0,1112,566,7261.674041240433326
0,1113,566,7276.394109105556709
0,1114,566,7272.957858477278023
0,1115,566,7280.120718135364768
0,1116,566,7265.820907693506342
0,1117,566,7266.525356681222547
0,1118,566,7270.185236685257223
0,1119,566,7271.171524415066415
0,1120,566,7288.833750835278806
0,1121,566,7267.013976200696561
0,1122,566,7253.831652640546054
0,1123,566,7267.059058694522719
0,1124,566,7263.991538505996687
0,1125,566,7289.008285121926747
0,1126,566,7296.423343020442189
0,1127,566,7267.046014062997529
0,1128,566,7264.863052247107589
0,1129,566,7265.667978737110388
0,1130,566,7268.570807678233905
0,1131,566,7268.570807678233905
0,1132,566,7266.897940981625652
0,1133,566,7265.221474732992647
0,1134,566,7284.640315584593736
0,1135,566,7266.875658404188471
0,1136,566,7269.259548487492793
0,1137,566,7265.667978737110388
0,1138,566,7264.656655936575589
0,1139,566,7265.643897581543570
0,1140,566,7264.678121768531128
0,1141,566,7266.981996559892650
0,1142,566,7278.723490871938338
0,1143,566,7267.108355805258725
0,1144,566,7272.596792632577490
0,1145,566,7265.070512317340217
0,1146,566,7269.661515923625302
0,1147,566,7266.658471423254014
0,1148,566,7270.095457806522973
0,1149,566,7264.178664316765207
0,1150,566,7268.366865415710890
0,1151,566,7267.810898987760993
0,1152,566,7268.976264238552176
0,1153,566,7265.568860814877553
0,1154,566,7284.657164830882721
0,1155,566,7275.578132617281881
0,1156,566,7268.571452859456258
0,1157,566,7266.897940981625652
0,1158,566,7265.687905079056691
0,1159,566,7267.714381694679105
0,1160,566,7266.555565727962858
0,1161,566,7267.168992240407533
0,1162,566,7274.405066810612880
0,1163,566,7269.275699620156047
0,1164,566,7270.243498059276135
0,1165,566,7262.209386214334700
0,1166,566,7267.914899182721456
0,1167,566,7269.702389337599925
0,1168,566,7274.532075909780360
0,1169,566,7270.279102294223776
0,1170,566,7259.594502080492020
0,1171,566,7269.905227630002628
0,1172,566,7268.331951928599665
0,1173,566,7262.078072219062051
0,1174,566,7267.798538255667154
0,1175,566,7269.637944622451869
0,1176,566,7265.364652222045152
0,1177,566,7265.198508314007995
0,1178,566,7273.043278925993945
0,1179,566,7266.833549856844002
0,1180,566,7265.480608593919897
0,1181,566,7267.005774762123110
0,1182,566,7264.198623661149213
0,1183,566,7268.486868322404916
0,1184,566,7267.739884467827324
0,1185,566,7265.882926853471872
0,1186,566,7266.157362227800149
0,1187,566,7267.981773675548538
0,1188,566,7266.201193441603209
0,1189,566,7268.116637064408678
0,1190,566,7267.981773675548538
0,1191,566,7261.861227090643297
0,1192,566,7266.591560366204249
0,1193,566,7262.194550648857330
0,1194,566,7265.429033660832829
0,1195,566,7266.655704874076946
0,1196,566,7258.314447623816704
0,1197,566,7235.134325736076789
0,1198,566,7243.036760732143193
0,1199,566,7248.616787564992592
0,1200,566,7268.223785135728576
0,1201,566,7266.822971683636752
0,1202,566,7305.349182797079266
0,1203,566,7266.981996559892650
0,1204,566,7266.991869367523577
0,1205,566,7267.038500071455928
0,1206,566,7266.443624755875135
0,1207,566,7266.082553474529050
0,1208,566,7266.484430016532315
0,1209,566,7251.087798254563495
0,1210,566,7265.329663509644888
0,1211,566,7276.947360543156719
0,1212,566,7283.192612462131365
0,1213,566,7288.813418856680073
0,1214,566,7287.303029836919450
0,1215,566,7269.364240259280450
0,1216,566,7267.897682679155878
0,1217,566,7266.090396827666154
0,1218,566,7264.478079876415904
0,1219,566,7269.019675428573464
0,1220,566,7258.066201041271597
0,1221,566,7269.874032624174106
0,1222,566,7274.395663527230681
0,1223,566,7284.333615523839399
0,1224,566,7266.712796403453467
0,1225,566,7261.741837968908840
0,1226,566,7255.071804481253821
0,1227,566,7264.371268140600478
0,1228,566,7275.930452902462093
0,1229,566,7267.028767443668585
0,1230,566,7266.003655012134914
0,1231,566,7268.212007198369065
0,1232,566,7275.900870055447740
0,1233,566,7263.099708765073956
0,1234,566,7266.699872510086607
0,1235,566,7264.534557256695734
0,1236,566,7264.351750620909115
0,1237,566,7270.518744385011814
0,1238,566,7266.746582747909088
0,1239,566,7266.374063204415506
0,1240,566,7263.371379291194899
0,1241,566,7267.917870290662904
0,1242,566,7268.303087262364897
0,1243,566,7268.856327443062582
0,1244,566,7266.996868648093368
0,1245,566,7267.996563312446597
0,1246,566,7255.364079289481197
0,1247,566,7264.011677792178489
0,1248,566,7266.523098900027435
0,1249,566,7267.057831801864268
0,1250,566,7270.071461862969954
0,1251,566,7268.201067177668847
0,1252,566,7264.784280302851585
0,1253,566,7278.829280187622317
0,1254,566,7266.189270701150235
0,1255,566,7266.682531257652954
0,1256,566,7267.384303220896982
0,1257,566,7267.376191689211737
0,1258,566,7274.089168862940824
0,1259,566,7262.228125698654367
0,1260,566,7266.005898761915887
0,1261,566,7268.958979141270902
0,1262,566,7265.274472313764818
0,1263,566,7268.562179548464883
0,1264,566,7261.650539807847963
0,1265,566,7261.175759268017828
0,1266,566,7269.016487579837303
0,1267,566,7266.264024946901372
0,1268,566,7269.655073063092459
0,1269,566,7265.766848428110279
0,1270,566,7266.280302656472486
0,1271,566,7262.648840908288548
0,1272,566,7264.262852318449404
0,1273,566,7266.547945286373761
0,1274,566,7266.492512510436427
0,1275,566,7268.757374423434158
0,1276,566,7267.643472784262485
0,1277,566,7271.230076599983477
0,1278,566,7269.987468991708738
0,1279,566,7267.060724459895937
0,1280,566,7267.026069965253555
0,1281,566,7266.058442230469154
0,1282,566,7255.787021226826255
0,1283,566,7264.784280302851585
0,1284,566,7271.456378929627135
0,1285,566,7259.418165022596440
0,1286,566,7266.675674529622484
0,1287,566,7268.398841809567784
0,1288,566,7276.131655909045548
0,1289,566,7266.434713421833294
0,1290,566,7261.401529338359069
0,1291,566,7266.746966433790476
0,1292,566,7271.238176622970968
0,1293,566,7263.574739646218404
0,1294,566,7266.675674529622484
0,1295,566,7266.675674529622484
0,1296,566,7266.285345483300262
0,1297,566,7264.799052371261496
0,1298,566,7265.209891191518182
0,1299,566,7267.941839948472079
0,1300,566,7276.359284463082076
0,1301,566,7278.782455265765748
0,1302,566,7276.960903494807098
0,1303,566,7294.673519312694225
0,1304,566,7284.339412006341263
0,1305,566,7251.331064853192402
0,1306,566,7303.607611171873032
0,1307,566,7265.752077965977151
0,1308,566,7276.663095661034276
0,1309,566,7270.435982279261225
0,1310,566,7268.201067177668847
0,1311,566,7267.134668140975919
0,1312,566,7267.320365724656767
0,1313,566,7262.699899905082930
0,1314,566,7266.105222846554170
0,1315,566,7273.071351712303112
0,1316,566,7268.917521030231001
0,1317,566,7272.170393725415124
0,1318,566,7267.181254085694491
0,1319,566,7275.912691177226407
0,1320,566,7265.178123859316656
0,1321,566,7267.419297571930656
0,1322,566,7258.998574701005055
0,1323,566,7258.409131357098886
0,1324,566,7262.665707945378927
0,1325,566,7258.055199652408191
0,1326,566,7217.692263807383824
0,1327,72,6933.325272248725014
0,1328,72,6929.979688328570774
0,1329,72,6930.614414331721491
0,1330,72,6930.957226580819224
0,1331,72,6932.773042810284096
0,1332,72,6933.565930183757700
0,1333,72,6927.603642069151647
0,1334,72,6926.731730009083549
0,1335,72,6923.106057962661907
0,1336,72,6928.078958092346511
0,1337,72,6923.195938677140475
0,1338,72,6929.136467347281723
0,1339,72,6928.265688422897256
0,1340,72,6931.020029002468618
0,1341,72,6931.266572375104261
0,1342,72,6924.560427017097027
0,1343,72,6930.684197938238867
0,1344,72,6944.689329808256844
0,1345,72,6933.110082222854544
0,1346,72,6931.997345806246813
0,1347,72,6933.007286792834748
0,1348,72,6926.140406140216328
0,1349,72,6942.454233419065531
0,1350,72,6927.340585152444874
0,1351,72,6931.019658256638650
0,1352,72,6927.722623591272168
0,1353,72,6927.319433127733646
0,1354,72,6935.154227521392386
0,1355,72,6932.499194097278632
0,1356,72,6929.772714994672242
0,1357,72,6922.430000136092531
0,1358,72,6933.814255880880410
0,1359,72,6929.399258308373646
0,1360,72,6925.031035166430229
0,1361,72,6925.223833151621875
0,1362,566,11008.972114594005689
0,1363,72,6925.641114994539748
0,1364,72,6954.705053040515850
0,1365,72,6930.400579522326552
0,1366,72,6941.745249248190703
0,1367,72,6952.273979798783330
0,1368,72,6931.794557895557773
0,1369,72,6930.911175062541588
0,1370,72,6930.624369707813457
0,1371,72,6929.468566736621142
0,1372,72,6936.774014081491259
0,1373,72,6934.436341599282059
0,1374,72,6934.602827254025215
0,1375,72,6940.329080625090683
0,1376,72,6949.089707020993046
0,1377,72,6943.695009152448620
0,1378,72,6934.766548166167013
0,1379,72,6921.796336175169017
0,1380,72,6989.535958703770120
0,1381,72,6932.365993176055781
0,1382,72,6934.609008626309333
0,1383,72,6929.364777938877523
0,1384,72,6932.039100294840864
0,1385,72,6932.778572056447047
0,1386,72,6927.486099882375129
0,1387,72,6929.360742097913317
0,1388,72,6932.283695250281198
0,1389,72,6938.212173721168256
0,1390,72,6932.020529415652163
0,1391,72,6938.088342253459814
0,1392,72,6932.410848647502462
0,1393,72,6929.555412037733731
0,1394,72,6920.093907691168170
0,1395,72,6935.430218599894943
0,1396,72,6927.711535294502028
0,1397,72,6932.887014732272291
0,1398,72,6931.386609472358032
0,1399,72,6929.150633743050093
0,1400,72,6924.100272267519358
0,1401,72,6929.824720737000462
0,1402,72,6930.585463955399973
0,1403,72,6932.769183666815479
0,1404,72,6933.835742449238751
0,1405,72,6927.135297527416697
0,1406,72,6929.159635752647773
0,1407,72,6927.607176180709757
0,1408,72,6931.392450565804211
0,1409,72,6934.257795407824233
0,1410,72,6931.550068059039404
0,1411,72,6932.985140608738220
0,1412,72,6933.143481108450032
0,1413,566,12719.945253583389785
0,1414,371,13670.660925345731812
0,1415,371,18749.441315007206867
0,1416,274,24676.663434598296590
0,1417,567,33317.369716697772674
0,1418,567,32965.078344557739911
0,1419,567,49858.399544128864363
0,1420,288,41514.423087902563566
0,1421,288,35850.654296600943781
0,1422,288,36029.485033408367599
0,1423,288,36027.546298562694574
0,1424,288,36032.492001727805473
0,1425,288,36029.791175829261192
0,1426,288,36035.556336099645705
0,1427,288,36029.818177105997165
0,1428,288,36029.204055145179154
0,1429,288,36036.492719932153705
0,1430,288,36029.336474904564966
0,1431,288,36026.758956365149061
0,1432,288,36027.035653496408486
0,1433,288,36030.197760373695928
0,1434,288,36028.966002445122285
0,1435,288,36027.747054039660725
0,1436,288,36040.439869361987803
0,1437,288,36030.283263483841438
0,1438,288,36030.132096595349140
0,1439,288,36029.571792631402786
0,1440,288,36029.661566100243363
0,1441,288,36030.168556695054576
0,1442,288,35997.833849023692892
0,1443,288,35754.667808393016458
0,1444,288,36024.606602583415224
0,1445,288,36023.529181302750658
0,1446,288,36030.200449378877238
0,1447,288,36026.877506673547032
0,1448,288,36026.364314835038385
0,1449,288,36029.057282092944661
0,1450,288,36029.220319448977534
0,1451,567,54422.842562149620790
0,1452,371,15829.800346030306173
0,1453,72,6936.110507833978772
0,1454,72,6938.016833412144479
0,1455,72,6931.770137507799518
0,1456,72,6936.013161971669433
0,1457,72,6932.126021264831252
0,1458,72,6933.757568962384539
0,1459,72,6940.035334770539521
0,1460,72,6934.463571381472320
0,1461,72,6933.436748503880153
0,1462,72,6933.346662847176958
0,1463,72,6933.099555571285237
0,1464,72,6934.176118883186064
0,1465,72,6936.312604534547063
0,1466,72,6931.434741574264990
0,1467,72,6946.886844882262267
0,1468,72,6932.548202260883954
0,1469,72,6929.933054033554981
0,1470,72,6934.958007845053544
0,1471,72,6936.002216869956101
0,1472,72,6929.057870214131981
0,1473,72,6939.361479717438669
0,1474,72,6932.270938026435033
0,1475,72,6936.181703467083025
0,1476,72,6937.836211070292848
0,1477,72,6931.883641032999549
0,1478,72,6933.634521403445433
0,1479,72,6933.808570559899636
0,1480,72,6937.478365020430829
0,1481,72,6939.389049199247893
0,1482,72,6932.716604604177519
0,1483,72,6903.692489869649762
0,1484,72,6936.263011027466746
0,1485,72,6935.802987931130701
0,1486,72,6932.245307924562439
0,1487,72,6932.818913587123461
0,1488,72,6938.201203883675589
0,1489,72,6932.607416425059455
0,1490,72,6934.225054370008365
0,1491,72,6932.901345657997808
0,1492,72,6933.431156013419240
0,1493,72,6933.431156013419240
0,1494,72,6940.627113026445841
0,1495,72,6946.535965073931948
0,1496,72,6935.675966238984984
0,1497,72,6929.416803545407674
0,1498,72,6934.289878187276372
0,1499,72,6940.031544825536002
0,1500,72,6935.920627787360900
0,1501,72,6934.142434766055885
0,1502,72,6942.313686786465951
0,1503,72,6932.216362185889921
0,1504,72,6934.778855149798801
0,1505,72,8805.660532273579520
0,1506,371,17909.469703989321715
0,1507,371,16451.116622191453644
0,1508,274,20846.044591416426556
0,1509,567,36864.646167063649045
0,1510,567,30786.195275373876939
0,1511,567,47916.294536027555296
0,1512,288,43930.080139233039517
0,1513,288,35952.614677118581312
0,1514,288,35265.735497933390434
0,1515,288,34578.108252694109979
0,1516,288,35462.020356707558676
0,1517,288,35462.214439388917526
0,1518,288,35454.809930115974566
0,1519,288,35461.132420181987982
0,1520,288,35470.872197825781768
0,1521,288,35527.431851614761399
0,1522,288,35593.119079516865895
0,1523,288,35589.307931399285735
0,1524,288,36033.463857164133515
0,1525,288,36032.695206442018389
0,1526,288,35674.065045371826272
0,1527,288,35905.403650290245423
0,1528,288,35276.428132038345211
0,1529,288,35272.611457700535539
0,1530,288,35275.449584708971088
0,1531,288,35275.235184864854091
0,1532,288,35271.035271747350635
0,1533,288,35345.203144059356418
0,1534,288,35507.040226634628198
0,1535,288,35451.856359679492016
0,1536,288,36049.955467988838791
0,1537,287,10014.896162919090784
0,1538,339,29238.606294024219096
0,1539,339,112936.733355405493057
0,1540,339,117625.714365764142713
0,1541,339,116841.363973789018928
0,1542,339,116839.153515611600596
0,1543,339,116835.453452831701725
0,1544,339,116834.813497143506538
0,1545,339,116829.770526051433990
0,1546,339,116839.935325428450597
0,1547,339,116839.778664369790931
0,1548,339,116838.771643501517246
0,1549,339,116837.567595148051623
0,1550,339,116840.522353543812642
0,1551,339,116846.981608473914093
0,1552,339,116846.423720985534601
0,1553,339,116841.650498725182842
0,1554,339,116838.799854210621561
0,1555,339,116840.161486413373495
0,1556,339,116830.719880503544118
0,1557,339,116839.223718216031557
0,1558,339,116840.937759381995420
0,1559,339,116842.041135811785352
0,1560,339,116838.895862612334895
0,1561,339,116838.217732766468544
0,1562,339,116839.772381406291970
0,1563,339,116832.407129385755979
0,1564,339,116830.398186067192000
0,1565,339,116839.572943790248246
0,1566,339,116836.626777366298484
0,1567,339,116848.204124128111289
0,1568,339,116840.261230131334742
0,1569,339,116831.859260052675381
0,1570,339,116826.402545508492040
0,1571,339,116837.081549240247114
0,1572,339,116838.827646510151681
0,1573,339,116836.206725895928685
0,1574,339,116836.337260581407463
0,1575,339,116847.355979947518790
0,1576,339,116835.949335222321679
0,1577,339,116841.139382235225639
0,1578,339,116839.799090081112809
0,1579,339,116839.024703729286557
0,1580,339,116823.161783857707633
0,1581,339,116855.179741860352806
0,1582,339,116831.849996535049286
0,1583,339,116826.400484262732789
0,1584,339,116835.810876430026838
0,1585,339,116849.737066710033105
0,1586,339,116787.636720842710929
0,1587,339,116823.065712680749130
0,1588,339,116838.890863507534959
0,1589,339,116837.917800008668564
0,1590,339,116424.343206195262610
0,1591,339,116479.863380024980870
0,1592,339,100634.534342231665505
0,1593,339,83619.768717878876487
0,1594,339,71303.354362734578899
0,1595,339,71319.093107545661042
0,1596,339,73531.679300427640555
0,1597,339,74568.601892253791448
0,1598,339,75768.481614790871390
0,1599,339,85112.440645491544274
0,1600,339,93097.104072809248464
0,1601,339,100173.847304817769327
0,1602,339,104783.353370328914025
0,1603,339,104724.258898229920305
0,1604,339,104717.887265321754967
0,1605,339,104716.600510017466149
0,1606,339,104721.405191224403097
0,1607,339,104718.522237474171561
0,1608,339,104718.117879640194587
0,1609,339,104703.600795197518892
0,1610,339,104717.932054603792494
0,1611,339,104714.111318127237610
0,1612,339,104716.912126969938981
0,1613,339,104719.041868083848385
0,1614,339,104728.472772025634185
0,1615,339,104714.936595113322255
0,1616,339,104708.092079047317384
0,1617,339,104712.856199910413125
0,1618,339,104712.091427488820045
0,1619,339,104713.152934918849496
0,1620,339,104718.053572165896185
0,1621,339,104729.743401684449054
0,1622,339,101950.306552852896857
0,1623,339,93579.698511214446626
0,1624,339,71528.636042640398955
0,1625,339,119866.296703608008102
0,1626,339,96401.047944865771569
0,1627,316,13547.633549869968192
0,1628,288,15615.111267417172712
0,1629,339,116841.167276510852389
0,1630,339,116839.511928488514968
0,1631,339,116828.221642084186897
0,1632,339,116846.644191838611732
0,1633,339,116842.432310393807711
0,1634,339,116845.540477287810063
0,1635,339,116842.108626756438753
0,1636,339,116839.319971422708477
0,1637,339,116831.850809423413011
0,1638,339,116844.538125227496494
0,1639,339,116818.811059827974532
0,1640,339,116847.009817895275773
0,1641,339,116841.039390169622493
0,1642,339,116841.201319004554534
0,1643,339,116838.928927050903440
0,1644,339,116840.123711907217512
0,1645,339,116832.120996825164184
0,1646,339,116840.059549275581958
0,1647,339,116840.517675357506960
0,1648,339,116836.909395896742353
0,1649,339,116837.301465506854584
0,1650,339,116835.229484550189227
0,1651,339,116838.051418300645310
0,1652,339,116853.555540721499710
0,1653,339,116840.223125488017104
0,1654,339,116835.492207539136871
0,1655,339,116839.291360124916537
0,1656,339,116845.028721895156195
0,1657,339,116818.683596497590770
0,1658,339,116840.646568948053755
0,1659,339,116841.487987329222960
0,1660,339,116838.409454101216397
0,1661,339,116831.567484002138372
0,1662,339,116835.875029846531106
0,1663,339,116844.833902240847237
0,1664,339,116842.137766027444741
0,1665,339,116842.494897563141421
0,1666,339,116831.622013568005059
0,1667,339,116848.108510378384381
0,1668,339,118696.020902466232656
0,1669,339,118700.925762397411745
0,1670,339,118700.972835523847607
0,1671,339,118699.452256654767552
0,1672,339,118697.357763529522344
0,1673,339,118703.720167970343027
0,1674,339,118695.315352505029296
0,1675,339,118701.940685719571775
0,1676,339,118698.088856136659160
0,1677,339,118700.066675108988420
0,1678,339,118695.442244522913825
0,1679,339,118696.930451404361520
0,1680,339,118699.534022063904558
0,1681,339,118696.086007884761784
0,1682,339,118701.695270151394652
0,1683,339,118700.865061735123163
0,1684,339,118701.049793252095697
0,1685,339,118713.463639028152102
0,1686,339,118713.227859218575759
0,1687,339,118707.236104301628075
0,1688,339,118692.507325044934987
0,1689,339,118699.911895236888085
0,1690,339,118714.517171825966216
0,1691,339,118697.629273080587154
0,1692,339,118701.230096731203957
0,1693,339,118707.852605718115228
0,1694,339,118693.101315563384560
0,1695,339,118697.101799278883846
0,1696,339,118693.976510991778923
0,1697,339,118697.825834756949916
0,1698,339,118710.133707239569048
0,1699,339,118703.113824629559531
0,1700,339,118699.600753710183199
0,1701,339,118699.361109861420118
0,1702,339,118695.764176197655615
0,1703,339,118705.164807777313399
0,1704,339,118705.803445923142135
0,1705,339,118702.646381863742135
0,1706,339,118699.391558241200983
0,1707,339,118706.884485182468779
0,1708,339,118700.836171366550843
0,1709,339,118706.769252417099779
0,1710,339,118707.764831493943348
0,1711,339,103159.500896963887499
0,1712,339,18617.571548924199305
0,1713,288,21092.130144471528183
0,1714,288,35896.777220855095948
0,1715,288,35900.787651105747500
0,1716,288,35900.207966492271225
0,1717,288,35900.288032337819459
0,1718,288,35900.697484195210563
0,1719,288,35899.643057214547298
0,1720,288,35892.429120491819049
0,1721,288,35879.773416986223310
0,1722,288,35875.751243621016329
0,1723,288,35905.357752331023221
0,1724,288,35894.930469129052653
0,1725,288,35882.721273655108234
0,1726,288,35900.354571266194398
0,1727,288,35894.625703006975527
0,1728,288,35895.461833701345313
0,1729,288,35881.954957842317526
0,1730,288,35901.082783959587687
0,1731,288,35901.451578011074162
0,1732,288,35895.817400963780528
0,1733,288,35900.806091662772815
0,1734,288,35900.165634535376739
0,1735,288,35899.708379819174297
0,1736,288,35913.136051357476390
0,1737,288,35902.246338943783485
0,1738,288,35904.731231411024055
0,1739,288,35897.438835709130217
0,1740,288,35911.981799830071395
0,1741,288,35907.278005861320707
0,1742,288,35903.633508104758221
0,1743,288,35900.122722721556784
0,1744,288,35891.359541184494446
0,1745,288,35900.725488146839780
0,1746,288,35903.590537752665114
0,1747,288,35900.754956006770954
0,1748,288,35902.647262872735155
0,1749,288,35895.829416857530305
0,1750,288,35891.817426175322908
0,1751,288,35908.522498287697090
0,1752,288,35905.211421936794068
0,1753,288,35915.776723892551672
0,1754,288,35909.533723088396073
0,1755,288,35902.768902567615442
0,1756,288,35901.000809959674370
0,1757,288,35899.010313822866010
0,1758,288,35898.467096040163597
0,1759,288,35899.876845412640250
0,1760,288,35901.287345229698985
0,1761,288,35901.068115809313895
0,1762,288,35905.919212646629603
0,1763,288,35903.467720248358091
0,1764,288,35904.813203422956576
0,1765,288,35917.737331702577649
0,1766,288,35901.277502274089784
0,1767,288,35905.961783355269290
0,1768,288,35902.137669181007368
0,1769,288,35895.775096060300712
0,1770,288,35902.674870867514983
0,1771,288,35916.577770844516635
0,1772,288,35902.224122315652494
0,1773,288,35899.862138796357613
0,1774,288,35904.644975342307589
0,1775,288,35902.450857965239265
0,1776,288,35903.658434702017985
0,1777,288,35904.094198064623924
0,1778,288,35905.068806583032710
0,1779,288,35903.724321305140620
0,1780,288,35895.396738143645052
0,1781,288,35900.479454881395213
0,1782,288,35897.979550620068039
0,1783,288,35910.276455618237378
0,1784,288,35902.169330254058877
0,1785,288,35896.296252157640993
0,1786,288,35906.521080606165924
0,1787,288,35890.471186181304802
0,1788,288,35899.220842958071444
0,1789,288,35900.901449261378730
0,1790,288,35903.140354822680820
0,1791,288,35899.301212247999501
0,1792,288,35904.594794082440785
0,1793,288,35899.287006047117757
0,1794,288,35902.342402147689427
0,1795,288,35899.942624216520926
0,1796,288,35901.839164906923543
0,1797,288,35905.024127025302732
0,1798,288,35897.296625928109279
0,1799,567,28459.481986852020782
0,1800,371,16274.274263265424452
0,1801,72,6930.206382174912505
0,1802,72,6932.062026563037762
0,1803,72,6937.389750086421373
0,1804,72,6929.253369467027369
0,1805,72,6934.346402581667462
0,1806,72,6925.282459353335980
0,1807,72,6934.534340395161962
0,1808,72,6945.310201524550394
0,1809,72,6931.856551497494365
0,1810,72,6934.559017236061663
0,1811,72,6931.463901370318126
0,1812,72,6933.619628886499413
0,1813,72,6932.945589403564554
0,1814,72,6938.331488892714333
0,1815,72,6932.661383354476129
0,1816,72,6938.545620309041624
0,1817,72,6936.139173215622577
0,1818,72,6932.020529415652163
0,1819,72,6934.686647730747609
0,1820,72,6934.627058377461253
0,1821,72,6934.900299230810560
0,1822,72,6935.249157625678890
0,1823,72,6931.865877668755274
0,1824,72,6915.579121118593321
0,1825,72,6938.681264223321705
0,1826,72,6958.215142708470921
0,1827,72,6925.128598459769819
0,1828,72,6931.946831482027847
0,1829,72,6936.553641292742213
0,1830,72,6935.268042263865937
0,1831,72,6932.991254601017317
0,1832,72,6938.200990077149072
0,1833,72,6933.760074358664497
0,1834,72,6923.828156468696761
0,1835,72,6937.557978889929473
0,1836,72,6954.593739457517586
0,1837,72,6934.736443461411909
0,1838,72,6935.085285434796788
0,1839,72,6934.509988751126912
0,1840,72,6934.463571381472320
0,1841,72,6933.576821565369755
0,1842,72,6947.300376067722027
0,1843,72,6935.768491780288059
0,1844,72,6930.946569428492694
0,1845,72,6932.313940625685973
0,1846,72,6934.584892910762392
0,1847,72,6935.437110995133480
0,1848,72,6934.045468527067897
0,1849,72,6932.976379730864210
0,1850,72,6933.137397552237417
0,1851,72,6926.764115364983809
0,1852,72,6940.660263259422209
0,1853,72,6934.203772065893645
0,1854,72,6935.291561697075849
0,1855,72,6937.540083046804284
0,1856,72,6934.179837885695633
0,1857,72,6938.882798760902006
0,1858,72,6936.353291144473587
0,1859,72,6935.057805422548881
0,1860,72,6935.951564425196011
0,1861,72,6934.516094368298582
0,1862,72,6934.736443461411909
0,1863,72,6934.161560143958013
0,1864,72,6936.847999889226230
0,1865,72,6940.364933379521972
0,1866,72,6925.653757013161339
0,1867,72,6925.522365038023963
0,1868,72,6932.416647234617813
0,1869,72,6940.795820841747627
0,1870,72,6931.626694106982541
0,1871,72,6936.306535996611274
0,1872,72,6929.693761648415602
0,1873,72,6933.477067566702317
0,1874,72,6932.963873141530712
0,1875,72,6930.310763104529542
0,1876,72,6935.138214876805250
0,1877,72,6932.732418638447598
0,1878,72,6934.149784960248326
0,1879,72,6930.236414414641331
0,1880,72,6917.013376588857682
0,1881,72,6932.022611172563302
0,1882,72,6898.723531061747053
0,1883,72,6934.656300974040278
0,1884,72,6940.722124969899596
0,1885,72,6927.934618018987749
0,1886,72,6934.387719319896860
0,1887,72,6932.574783285062040
0,1888,72,6932.650034987383151
0,1889,72,6932.318667921435917
0,1890,72,6928.771995530898494
0,1891,72,6932.725866252920241
0,1892,72,6938.813686997688819
0,1893,72,6932.086012429016591
0,1894,72,6932.390433181351000
0,1895,72,6933.395104890305447
0,1896,72,6933.196930450480068
0,1897,72,6943.033743341631634
0,1898,72,6930.018833626018022
0,1899,72,6931.800415880895343
0,1900,72,6932.592190982547436
0,1901,72,6933.479353412420096
0,1902,72,6939.510148450838642
0,1903,72,6934.382644614104720
0,1904,72,6932.842641386673677
0,1905,72,6936.366049651687717
0,1906,72,6933.186496397771407
0,1907,72,6934.864819291407002
0,1908,72,6934.191536559075757
0,1909,72,6929.308314321514445
0,1910,72,6933.307225670113439
0,1911,72,6931.005787207847789
0,1912,72,6933.161784345181331
0,1913,72,6932.264911422381374
0,1914,72,6919.116961687794173
0,1915,72,6934.980667156212803
0,1916,72,6938.691493677345534
0,1917,72,6921.351663555561572
0,1918,72,6935.941371412995068
0,1919,72,6931.836138331078473
0,1920,72,6935.941371412995068
0,1921,72,6934.662728982971203
0,1922,72,6903.663363392302017
0,1923,72,6929.299360253262421
0,1924,72,6934.238366401493295
0,1925,72,6934.516094368298582
0,1926,72,6933.080452967322344
0,1927,72,6934.888770768695395
0,1928,72,6934.326110730991786
0,1929,72,6934.488285270983397
0,1930,72,6932.216362185889921
0,1931,72,6933.569737790118779
0,1932,72,6932.202508546178251
0,1933,72,6933.131371556750310
0,1934,72,6933.365474094100136
0,1935,72,6934.320587740260635
0,1936,72,6929.452928999188771
0,1937,72,6932.039100294840864
0,1938,72,6935.406771012584613
0,1939,72,6935.561383370121803
0,1940,72,6932.264911422381374
0,1941,72,6936.146075323086734
0,1942,72,6933.124954053958390
0,1943,72,6925.010165934850193
0,1944,72,6937.320988130821206
0,1945,72,6930.108438792613015
0,1946,72,6944.260478722674634
0,1947,72,6942.932070872912846
0,1948,72,6934.417896734124952
0,1949,72,6942.284493350980483
0,1950,72,6940.058855761028099
0,1951,72,6927.446655399435258
0,1952,72,6935.945285106005940
0,1953,72,6937.902189306173568
0,1954,72,6937.860610239631569
0,1955,72,6929.741745609870122
0,1956,72,6927.709336871545929
0,1957,72,6950.810937235946767
0,1958,72,6930.876329948180683
0,1959,72,6930.573979689354928
0,1960,72,6931.316852317479970
0,1961,72,6930.573979689354928
0,1962,72,6935.975435310084322
0,1963,72,6932.963873141530712
0,1964,72,6935.001660771938077
0,1965,72,6933.721634109923798
0,1966,72,6946.204828274348984
0,1967,72,6935.639882724409290
0,1968,72,6933.369138627650500
0,1969,72,6938.400769601485990
0,1970,72,6935.569164846157037
0,1971,72,6932.757226183894090
0,1972,72,6936.073992513351186
0,1973,72,6932.058533975841783
0,1974,72,6929.062073364346361
0,1975,72,6936.273340251594163
0,1976,72,6935.476671616918793
0,1977,72,6933.214310680892595
0,1978,72,6931.264077213781093
0,1979,72,6935.701064709488492
0,1980,72,6927.558124925243646
0,1981,72,6927.961988635002854
0,1982,72,6918.327255782302018
0,1983,72,6936.934722011568738
0,1984,72,6944.770466173970817
0,1985,72,6974.375804143043752
0,1986,72,6948.206852482820068
0,1987,72,6935.506438574035201
0,1988,72,6952.137819737034988
0,1989,72,6947.936334364678260
0,1990,72,6936.228801664105049
0,1991,72,6945.345676900529725
0,1992,72,6936.913509213313773
0,1993,72,6928.931293853855095
0,1994,72,6953.341957621619258
0,1995,72,6946.158632141636190
0,1996,72,6947.237500142160570
0,1997,72,6944.761846470186356
0,1998,72,6937.318552323860786
0,1999,72,6952.054694625922821
0,2000,72,6937.986295683759636
0,2001,72,6937.681387887349047
0,2002,72,6941.052606641776947
0,2003,72,6940.303005625697551
0,2004,72,6939.383370479574296
0,2005,72,6942.753242348320782
0,2006,72,6938.266639492871036
0,2007,72,6937.001414522287632
0,2008,72,6941.050118730065151
0,2009,72,6945.006765314802578
0,2010,72,6944.535542552725929
0,2011,72,6924.634054446054506
0,2012,72,6965.098500176043672
0,2013,72,6925.178944679109009
0,2014,72,6934.337268518990641
0,2015,72,6954.942248946626933
0,2016,72,6944.764478745910310
0,2017,72,6943.075780684819620
0,2018,72,6942.967247440679785
0,2019,72,6947.269547766243704
0,2020,72,6947.377466102796461
0,2021,72,6955.755234177448074
0,2022,72,6942.520950198993887
0,2023,72,6933.499451419631441
0,2024,72,6944.208477665267310
0,2025,72,6950.077624556504816
0,2026,72,6948.904213300104857
0,2027,72,6944.070659188523678
0,2028,72,6957.157097602037538
0,2029,72,6967.469155923632570
0,2030,72,6937.110675735024415
0,2031,72,6941.490377742469718
0,2032,72,6943.881358795354572
0,2033,72,6949.899994628751301
0,2034,72,6940.432124708824631
0,2035,72,6941.577533829909953
0,2036,72,6940.676404322527560
0,2037,72,6961.246496604759159
0,2038,72,6945.290120525148268
0,2039,72,6932.142622822480007
0,2040,72,6950.198962928984656
0,2041,72,6979.209717997669941
0,2042,72,6940.232127808114456
0,2043,72,6919.907754962551735
0,2044,72,6936.677392997030438
0,2045,72,6950.983521279219531
0,2046,72,6945.130808194847305
0,2047,72,6939.063151220912005
0,2048,72,6948.594278550322088
0,2049,72,6922.532507847662600
0,2050,72,6956.557672547593029
0,2051,72,6939.972242046045722
0,2052,72,6940.001919146566252
0,2053,72,6945.309904787562118
0,2054,72,6945.427008756945725
0,2055,72,6944.326225358820011
0,2056,72,6947.123267359400415
0,2057,72,6948.769862153257236
0,2058,72,6945.018097863862749
0,2059,72,6939.745458987829807
0,2060,72,6933.293291078702168
0,2061,72,6927.946084596928813
0,2062,72,6924.380658207019223
0,2063,72,6929.797323672092716
0,2064,72,6922.792458073628950
0,2065,72,6923.165202607568972
0,2066,72,6942.021149825287466
0,2067,72,6945.655019836890460
0,2068,72,6955.317989858819601
0,2069,72,6956.927337134297886
0,2070,72,6966.948905040118007
0,2071,72,6947.507560268935777
0,2072,72,6933.228631322332149
0,2073,72,6962.382293231962649
0,2074,72,6939.600653023871018
0,2075,72,6939.207424827606701
0,2076,72,6945.513372079029978
0,2077,72,6939.047037961500791
0,2078,72,6950.958472594971681
0,2079,72,6925.576459246387458
0,2080,72,6941.830614711475391
0,2081,72,6950.137232392055921
0,2082,72,6947.465517100120451
0,2083,72,6949.813398467783372
0,2084,72,6956.086639887995261
0,2085,72,6947.584786635148703
0,2086,72,6943.038196470843104
0,2087,72,6943.251742310720147
0,2088,72,6940.347966229468511
0,2089,72,6951.236093663052088
0,2090,72,6940.743828496809328
0,2091,72,6971.881946965329007
0,2092,72,6942.402335127691003
0,2093,72,6939.123404837844646
0,2094,72,6943.667276451154976
0,2095,72,6937.343124499064288
0,2096,72,6957.743291275532101
0,2097,72,6946.694362311877740
0,2098,72,6957.162264976735059
0,2099,72,6958.826794887791038
0,2100,72,6952.759544823781653
0,2101,72,6940.511841019734675
0,2102,72,6943.487052948108612
0,2103,72,6940.996780265292728
0,2104,72,6946.640290842897230
0,2105,72,6937.655977597078163
0,2106,72,6942.288362390545444
0,2107,72,6936.656118488353968
0,2108,72,6946.471273996900891
0,2109,72,6948.939501203925829
0,2110,72,6939.505086791171379
0,2111,72,6923.646463512179253
0,2112,72,6951.503794312449827
0,2113,72,6938.779474444630068
0,2114,72,6939.313670280055703
0,2115,72,6936.286037394639607
0,2116,72,6944.369000686148865
0,2117,72,6946.043057593707999
0,2118,72,6950.223147909082400
0,2119,72,6939.680873051857816
0,2120,72,6912.791277639682448
0,2121,72,6946.665223328103821
0,2122,72,6969.284735210343570
0,2123,72,6943.763472741393343
0,2124,72,6943.909272497391612
0,2125,72,6930.393932584414870
0,2126,72,6949.076654905397845
0,2127,72,6944.771132321893674
0,2128,72,6951.579941212277845
0,2129,72,6948.629249385749063
0,2130,72,6931.900802535416915
0,2131,72,6957.347770344598757
0,2132,72,6946.250506672956362
0,2133,72,6942.709884105584024
0,2134,72,6959.623203697022291
0,2135,72,6917.226996404044257
0,2136,72,6947.159794075435457
0,2137,72,6969.411419600379304
0,2138,72,6941.713649689759222
0,2139,72,6945.386703942235727
0,2140,72,6958.763227305309556
0,2141,72,6945.396023805272307
0,2142,72,6947.773047903637234
0,2143,72,6948.917640095470233
0,2144,72,6932.944626384066396
0,2145,72,6930.778224057000443
0,2146,72,6955.175137710553827
0,2147,72,6956.452171603359602
0,2148,72,6932.819992911145164
0,2149,72,6944.447783189377333
0,2150,72,6940.197340908417573
0,2151,72,6938.056899132978288
0,2152,72,6938.307334667415489
0,2153,72,6939.010532873126976
0,2154,72,6943.645668035568633
0,2155,72,6938.679459274590045
0,2156,72,6948.621890063816863
0,2157,72,6950.362541407912431
0,2158,72,6943.218287235289608
0,2159,72,6943.125812545623376
0,2160,72,6946.730824726116225
0,2161,72,6937.101308603691905
0,2162,72,6937.937876155702725
0,2163,72,6946.199615694908061
0,2164,72,6928.599367399092444
0,2165,72,6941.339578096474725
0,2166,72,6943.481589197705034
0,2167,72,6945.295615424452990
0,2168,72,6954.897181210298186
0,2169,72,6963.443786214210377
0,2170,72,6939.962467605289021
0,2171,72,6942.867335020957398
0,2172,72,6917.640388871997857
0,2173,72,6948.323750967240812
0,2174,72,6951.352446472697011
0,2175,72,6926.744080484661026
0,2176,72,6936.976900052853125
0,2177,72,6932.501664740114393
0,2178,72,6920.250071806454798
0,2179,72,6944.049669237894705
0,2180,72,6943.418631406059831
0,2181,72,6950.294708343690218
0,2182,72,6948.776455587320925
0,2183,72,6948.714193704571699
0,2184,72,6935.951564425196011
0,2185,72,6953.345755308750086
0,2186,72,6937.442152269873077
0,2187,72,6945.078419314450002
0,2188,72,6942.809145196393729
0,2189,72,6947.096531101502478
0,2190,72,6929.887645660669477
0,2191,72,6942.219303146575839
0,2192,72,6910.288939959212257
0,2193,72,6940.803017876191007
0,2194,72,6948.090499220930724
0,2195,72,6950.797906689198498
0,2196,72,6952.929843168275511
0,2197,72,6944.752775535625005
0,2198,72,6949.485153821811764
0,2199,72,6958.526322612143304
0,2200,72,6948.124431613818160
0,2201,72,6944.186241441761013
0,2202,72,6951.299495534517519
0,2203,72,6947.294415131034839
0,2204,72,6949.073985534308122
0,2205,72,6943.666410460203224
0,2206,72,6946.630986023573314
0,2207,72,6943.915493901541595
0,2208,72,6941.341996197786102
0,2209,72,6941.586542747386375
0,2210,72,7440.076310298773933
0,2211,72,6938.608155598220037
0,2212,72,6935.609738992187886
0,2213,72,6938.771906118094194
0,2214,72,6942.465930575410312
0,2215,72,6943.918521978975150
0,2216,72,6948.514001207651745
0,2217,72,6941.023481796233682
0,2218,72,6939.437619841442029
0,2219,72,6957.389448819125391
0,2220,72,6934.745164754928737
0,2221,72,6938.636026102706637
0,2222,72,6948.240519923813736
0,2223,72,6949.459502670720212
0,2224,72,6942.792458561566491
0,2225,72,6949.004059610081640
0,2226,72,6932.653614313114304
0,2227,72,6952.328099072699843
0,2228,72,6944.761371806189345
0,2229,72,6942.985803589793250
0,2230,72,6940.261514177772369
0,2231,72,6938.000055910740230
0,2232,72,6943.822724975183519
0,2233,72,6937.645063762010977
0,2234,72,6948.020469701164075
0,2235,72,6946.322750786873257
0,2236,72,6955.523021434050861
0,2237,72,6948.473409689527216
0,2238,72,6925.386583872956180
0,2239,72,6945.492558281197489
0,2240,72,6946.125429748424722
0,2241,72,6937.532993012339830
0,2242,72,6946.207240103013646
0,2243,72,6946.042048731655086
0,2244,72,6944.811685071611464
0,2245,72,6938.196460166028373
0,2246,72,6947.012960251319782
0,2247,72,6937.113290170515029
0,2248,72,6944.901349424267210
0,2249,72,6947.951007492121789
0,2250,72,6951.188449085722823
0,2251,72,6937.805867111519547
0,2252,72,6952.573186045931834
0,2253,72,6948.900114686220149
0,2254,72,6939.962467605289021
0,2255,72,6945.065254036960141
0,2256,72,6935.396469989380421
0,2257,72,6944.740264167099667
0,2258,72,6951.936888900695521
0,2259,72,6948.671899831161682
0,2260,72,6935.487840161688837
0,2261,72,6932.548202260883954
0,2262,72,6939.874174120392126
0,2263,72,6939.279095946839334
0,2264,72,6943.555775991989321
0,2265,72,6942.844201854253697
0,2266,72,6947.492680039114020
0,2267,72,6954.082329570345792
0,2268,72,6943.546525438827302
0,2269,72,6915.256889677450090
0,2270,72,6940.865987268630306
0,2271,72,6972.076611858456999
0,2272,72,6945.666341531865328
0,2273,72,6951.151068777067849
0,2274,72,6947.031415689192727
0,2275,72,6944.955373584055451
0,2276,72,6942.165520698631553
0,2277,72,6956.064868606045820
0,2278,72,6952.891843469644300
0,2279,72,6940.931539297292147
0,2280,72,6948.710360452103487
0,2281,72,6939.137861266620348
0,2282,72,6943.038196470843104
0,2283,72,6945.869831433885338
0,2284,72,6932.383443661923593
0,2285,72,6939.254539873662907
0,2286,72,6950.720989792603177
0,2287,72,6947.120913938781996
0,2288,72,6931.708587942293889
0,2289,72,6951.833310510939555
0,2290,72,6950.728288174766021
0,2291,72,6948.914327942868113
0,2292,72,6944.089299201948052
0,2293,72,6968.437240009367088
0,2294,72,6982.053795179365807
0,2295,72,6939.081681938992006
0,2296,72,6942.136209933165446
0,2297,72,6946.548270637531459
0,2298,72,6938.201591663242652
0,2299,72,6951.972648924931491
0,2300,72,6935.662125956494492
0,2301,72,6936.161167266094708
0,2302,72,6948.273102880739316
0,2303,72,6940.890490993396270
0,2304,72,6943.335428888947717
0,2305,72,6935.246599913490172
0,2306,72,6947.391465901258925
0,2307,72,6940.436905412017950
0,2308,72,6943.647591363008360
0,2309,72,6940.935997945999588
0,2310,72,6941.955486608035244
0,2311,72,6965.949243574247703
0,2312,72,6941.828324509228878
0,2313,72,6943.543778248178569
0,2314,72,6938.508122221211124
0,2315,72,6941.911060079715753
0,2316,72,6941.006727022211635
0,2317,72,6943.185449104255895
0,2318,72,6947.725296327430442
0,2319,72,6943.599567146109621
0,2320,72,6947.927785244345614
0,2321,72,6950.876038152957335
0,2322,72,6959.054876901093849
0,2323,72,6941.227623465729266
0,2324,72,6940.406968556259926
0,2325,72,6953.004811911499019
0,2326,72,6966.408764839883588
0,2327,72,6959.933389937355059
0,2328,72,6945.955196271205750
0,2329,72,6930.795478147633730
0,2330,72,6946.112874401632325
0,2331,72,6956.943759414588385
0,2332,72,6941.321722362179571
0,2333,72,6945.687398213455708
0,2334,72,6933.982379628952003
0,2335,72,6939.167723119964649
0,2336,72,6947.792521206355559
0,2337,72,6957.244787297241601
0,2338,72,6943.268836367868971
0,2339,72,6941.211904951306678
0,2340,72,6944.595223277816331
0,2341,72,6963.229866538128590
0,2342,72,6930.272818620066573
0,2343,72,6950.419273483417783
0,2344,72,6971.592785107025520
0,2345,72,6953.928359001311946
0,2346,72,6950.558985147218664
0,2347,72,6988.172031521951794
0,2348,72,6957.877222781428827
0,2349,72,6950.727060762488691
0,2350,72,6945.906019047389236
0,2351,72,6946.329546942559318
0,2352,72,6939.066864821766103
0,2353,72,6950.283167435028190
0,2354,72,6944.814714309717601
0,2355,72,6952.376410632563420
0,2356,72,6957.816724911243909
0,2357,72,6927.318005009357876
0,2358,72,6945.270918103841723
0,2359,72,6941.829723525564077
0,2360,72,6937.559840182831067
0,2361,72,6951.800913198851958
0,2362,72,6943.051762144748864
0,2363,72,6942.867335020957398
0,2364,72,6952.620705650730997
0,2365,72,6943.429544115012504
0,2366,72,6946.218050397266779
0,2367,72,6922.936748538078064
0,2368,72,6895.378428214792621
0,2369,72,6951.248063219923097
0,2370,72,6941.095527870738806
0,2371,72,6942.508609558268290
0,2372,72,6945.618412571055160
0,2373,72,6942.286905848083734
0,2374,72,6938.120222329909666
0,2375,72,6938.149162067656107
0,2376,72,6973.412651993777217
0,2377,72,6942.634943278195351
0,2378,72,6959.897960651663197
0,2379,72,6923.491631746866005
0,2380,72,6944.523404249995110
0,2381,72,6936.779820880304214
0,2382,72,6941.610117899787838
0,2383,72,6948.466014312817606
0,2384,72,6937.047621700786294
0,2385,72,6936.325907425279183
0,2386,72,6944.044550439431077
0,2387,72,6921.486042775942224
0,2388,72,6956.430911346905305
0,2389,72,6947.825376348597274
0,2390,72,6927.383284325181194
0,2391,72,6945.841983878399333
0,2392,72,6969.658629545019721
0,2393,72,6941.872822160729811
0,2394,72,6944.168632160432935
0,2395,72,6940.849308738303989
0,2396,72,6944.289462923097744
0,2397,72,6945.949204838372680
0,2398,72,6934.279427617841975
0,2399,72,6943.660371533003854
0,2400,72,6952.492754050340409
0,2401,72,6950.440490672024680
0,2402,72,6950.984334098003274
0,2403,72,6937.726906892700754
0,2404,72,6941.703268676174957
0,2405,72,6941.290354313206080
0,2406,72,6948.102235894963087
0,2407,72,6945.182347969718649
0,2408,72,6947.438840264853752
0,2409,72,6941.360637394577680
0,2410,72,6942.995220670437448
0,2411,72,6948.734747834459085
0,2412,72,6944.052656156934972
0,2413,72,6947.057052993405705
0,2414,72,6947.492680039114020
0,2415,72,6942.561371783994218
0,2416,72,6943.608647812684467
0,2417,72,6951.864260921867753
0,2418,72,6943.542967920860065
0,2419,72,6951.864348746877113
0,2420,72,6941.713649689759222
0,2421,72,6941.223077642160206
0,2422,72,6945.076704510039235
0,2423,72,6947.148055663626110
0,2424,72,6947.061192120801024
0,2425,72,6946.426178147411520
0,2426,72,6946.658560889283763
0,2427,72,6949.633194347449717
0,2428,72,6944.520525142074803
0,2429,72,6933.199679642944830
0,2430,72,6924.405907002688764
0,2431,72,6932.977866003443523
0,2432,72,6948.704405850208786
0,2433,72,6942.152674708047925
0,2434,72,6946.221417483769983
0,2435,72,6966.135928739192423
0,2436,72,6939.524870100584849
0,2437,72,6949.784137886186727
0,2438,72,6947.841728278787741
0,2439,72,6964.877839311044227
0,2440,72,6947.574999186957939
0,2441,72,6939.594221290731184
0,2442,72,6968.650322154453534
0,2443,72,6951.683089941778235
0,2444,72,6939.484167318327309
0,2445,72,6896.476120404544417
0,2446,72,6946.717583592389019
0,2447,72,6959.810447481571828
0,2448,72,6928.338913824592964
0,2449,72,6943.671547528027077
0,2450,72,6939.254568983139507
0,2451,72,6952.020077873030459
0,2452,72,6943.968396486725396
0,2453,72,6951.632732839979326
0,2454,72,6931.803060020667544
0,2455,72,6947.073296556144669
0,2456,72,6940.691071343783733
0,2457,72,6948.466265468856363
0,2458,72,6943.789637864036195
0,2459,72,6945.814912404288407
0,2460,72,6950.963952211571268
0,2461,72,6945.711075780660394
0,2462,72,6939.614079476615188
0,2463,72,6924.163401978046750
0,2464,72,6935.433722195184600
0,2465,72,6923.997981939104648
0,2466,72,6947.554704034630959
0,2467,72,6942.019030365634535
0,2468,72,6931.126652644945352
0,2469,72,6956.258035642268624
0,2470,72,6945.011941634085815
0,2471,72,6944.693183759855856
0,2472,72,6924.721294679507082
0,2473,72,6939.890001511890659
0,2474,72,6944.859191839564119
0,2475,72,6954.045856457034461
0,2476,72,6944.784722993647847
0,2477,72,6903.545482460796848
0,2478,72,6945.630779455958873
0,2479,72,6943.920964179996190
0,2480,72,6944.629729358364784
0,2481,72,6949.264522502699037
0,2482,72,6942.432584202714679
0,2483,72,6936.154712507001022
0,2484,72,6930.867591877035920
0,2485,72,6939.099560376363115
0,2486,72,6949.029286068566762
0,2487,72,6940.356946868687373
0,2488,72,6951.500440082928435
0,2489,72,6936.714231483883850
0,2490,72,6952.555788146100895
0,2491,72,6941.376602177778295
0,2492,72,6938.049820199545138
0,2493,72,6945.898707791749075
0,2494,72,6947.034443406781065
0,2495,72,6953.372737481775403
0,2496,72,6948.335502793019259
0,2497,72,6939.859369879240148
0,2498,72,6941.180983068583373
0,2499,72,6944.031414796988429
0,2500,72,6945.591238759486259
0,2501,72,6925.986059610198936
0,2502,72,6938.277199956105505
0,2503,72,6945.067772317582239
0,2504,72,6950.183738682085277
0,2505,72,6960.294833829330855
0,2506,72,6933.901952546398206
0,2507,72,6949.323654075651575
0,2508,72,6953.132651836287550
0,2509,72,6935.877163181403375
0,2510,72,6941.140851940785069
0,2511,72,6939.808936730958521
0,2512,72,6936.948642772689709
0,2513,72,6938.635541477035076
0,2514,72,6941.800027178444907
0,2515,72,6938.746950015811308
0,2516,72,6982.197662129613491
0,2517,72,6957.146633811723405
0,2518,72,6932.233168184860006
0,2519,72,6934.191830310186560
0,2520,72,6942.048213645848591
0,2521,72,6943.138470078215505
0,2522,72,6947.152864471620887
0,2523,72,6944.894220417975703
0,2524,72,6940.218526920361001
0,2525,72,6906.443105630079117
0,2526,72,6929.289613763823581
0,2527,72,6932.361040134520408
0,2528,72,6922.541496071151414
0,2529,72,6918.277241796230555
0,2530,72,6935.486949964491942
0,2531,72,6919.133386143736061
0,2532,72,6928.491184470615735
0,2533,72,6920.269341787543453
0,2534,72,6931.305630789272982
0,2535,72,6931.695714813848099
0,2536,72,6941.321550256055161
0,2537,72,6930.159303283294321
0,2538,72,6927.345059950847826
0,2539,72,6943.519102452051811
0,2540,72,6929.113720201526121
0,2541,72,6939.407468074831741
0,2542,72,6936.187007359068957
0,2543,72,6931.300538265953037
0,2544,72,6925.824310176107247
0,2545,72,6932.875491399702696
0,2546,72,6924.115137493812654
0,2547,72,6920.721826611492361
0,2548,72,6933.661935061439181
0,2549,72,6931.847910578628216
0,2550,72,6934.152661724272548
0,2551,72,6936.430277596072301
0,2552,72,6922.236701783871467
0,2553,72,6924.207092762458160
0,2554,72,6926.695697364498301
0,2555,72,6921.929911477968744
0,2556,72,6930.156398005259689
0,2557,72,6929.670879158457865
0,2558,72,6928.798212371325462
0,2559,72,6929.222515494852814
0,2560,72,6914.819310035633862
0,2561,72,6921.427521775364767
0,2562,72,6931.918488512062140
0,2563,72,6931.154083976800393
0,2564,72,6930.963389882816045
0,2565,72,6933.370324819738016
0,2566,72,6940.478326479362295
0,2567,72,6931.040341154897760
0,2568,72,6926.215053647554669
0,2569,72,6930.044486179133855
0,2570,72,6928.340491933535304
0,2571,72,6922.484926737580281
0,2572,72,6960.440200708431803
0,2573,72,6932.526691716681853
0,2574,72,6933.779266404164446
0,2575,72,6950.439173745342487
0,2576,72,6942.400214532131031
0,2577,72,6927.574529538941533
0,2578,72,6932.738270904939782
0,2579,72,6926.172119440024289
0,2580,72,6935.181458622774699
0,2581,72,6932.604732406472976
0,2582,72,6936.738898090560724
0,2583,72,6937.717323720075910
0,2584,72,6932.645907228249598
0,2585,72,6480.549550104428818
0,2586,72,6931.912112151794645
0,2587,72,6927.740685116283203
0,2588,72,6919.583210421181320
0,2589,72,6920.635362183717007
0,2590,72,6929.045256168640663
0,2591,72,6911.302419264889977
0,2592,72,6930.426964221543130
0,2593,72,6922.562919053005317
0,2594,72,6932.114705588110155
0,2595,72,6934.696467595145805
0,2596,72,6485.071349647449097
0,2597,72,6932.686042315716804
0,2598,72,6923.375825955087748
0,2599,72,6931.054037788787355
0,2600,72,6931.213505256879216
0,2601,72,6931.768390423494566
0,2602,72,6927.242740561208848
0,2603,72,6934.695144704129234
0,2604,72,6923.921430850146862
0,2605,566,10220.809334582192605
0,2606,72,6927.165176679210163
0,2607,72,6928.767625000441512
0,2608,72,6921.967124804929881
0,2609,72,6933.558331310163339
0,2610,72,6926.211059256125736
0,2611,275,17245.107740242376167
0,2612,72,6931.574683005519546
0,2613,72,6935.164741152197166
0,2614,72,6922.146320905731045
0,2615,72,6932.248797700398427
0,2616,72,6942.066792783312849
0,2617,72,6921.037437024679093
0,2618,72,6925.181151912683163
0,2619,72,6939.768342221722378
0,2620,72,6940.926701648900234
0,2621,72,6930.575161536208725
0,2622,72,6945.962784563967034
0,2623,72,6937.086235263785056
0,2624,72,6931.231111488848001
0,2625,72,6935.717433410996819
0,2626,72,6930.884974661087654
0,2627,72,6930.546536217757421
0,2628,72,6935.541103291809122
0,2629,72,6931.553314061196943
0,2630,72,6926.958062309335219
0,2631,72,6919.292319016713918
0,2632,72,6928.637269817241759
0,2633,72,6907.431893873402259
0,2634,72,6926.669423152828131
0,2635,72,6920.363903455554464
0,2636,72,6935.616212301677479
0,2637,72,6936.833546751980066
0,2638,72,6917.240600839277249
0,2639,72,6943.963268779235477
0,2640,72,6925.513841013727870
0,2641,72,6916.372828157463118
0,2642,72,6926.457032530245669
0,2643,72,6936.189558053856672
0,2644,72,6936.383431383984316
0,2645,72,6930.341023355783364
0,2646,72,6949.427159036316880
0,2647,72,6927.242740561208848
0,2648,72,6933.581658277666065
0,2649,72,6941.914854697326518
0,2650,72,6933.817727449151789
0,2651,72,6928.479695851811812
0,2652,72,6916.069918107581543
0,2653,72,6924.966982516480130
0,2654,72,6926.511027598538021
0,2655,72,6935.242576609337448
0,2656,72,6935.110359364120086
0,2657,72,6937.411710838862746
0,2658,72,6912.654162576744966
0,2659,72,6936.385338901475734
0,2660,72,6943.428281407903341
0,2661,72,6937.686788922522283
0,2662,72,6936.714514367889933
0,2663,72,6935.573628003132399
0,2664,72,6931.498360154486363
0,2665,72,6929.027647140428599
0,2666,72,6925.651710092309258
0,2667,72,6925.659107238547222
0,2668,72,6945.345791901590928
0,2669,72,6956.611059671191470
0,2670,72,6930.347040541787464
0,2671,72,6928.390315860276132
0,2672,72,6935.922997265968661
0,2673,72,6935.642248674759685
0,2674,72,6902.982746394867718
0,2675,72,6893.998855527186606
0,2676,72,6931.634471788850533
0,2677,72,6937.355226174355266
0,2678,566,7935.474018499208796
0,2679,566,7922.715289724427748
0,2680,566,7922.199078652973185
0,2681,566,7938.917645754059777
0,2682,566,7941.389965091134400
0,2683,566,7926.412932670966256
0,2684,566,7924.815796673719888
0,2685,566,7914.129843357958634
0,2686,566,7928.047122001900789
0,2687,566,7915.442410951915917
0,2688,566,7933.209898395808523
0,2689,566,7936.021542616426814
0,2690,566,7929.904662116558939
0,2691,566,7931.242550146387657
0,2692,566,7928.559815033707309
0,2693,566,7925.605102073202943
0,2694,566,7926.594438231947606
0,2695,72,6931.318483646982713
0,2696,275,10342.521014588079197
0,2697,275,10376.725333729993508
0,2698,72,7145.748710108615342
0,2699,72,6932.870865260284518
0,2700,72,6951.599674982674514
0,2701,72,6915.220992376461254
0,2702,72,6939.315242336188021
0,2703,72,6939.364865606955391
0,2704,72,6929.886438914139944
0,2705,72,6963.230361776782047
0,2706,72,6936.556930132975140
0,2707,72,6937.371916742676149
0,2708,72,6939.860968087565197
0,2709,72,6935.041018541321137
0,2710,72,6938.254377614607620
0,2711,72,6940.180888169145874
0,2712,72,6936.354886930195789
0,2713,72,6932.648758947511851
0,2714,72,6935.685138372008623
0,2715,72,6935.150832768957116
0,2716,72,6936.929142052050338
0,2717,72,6931.213982335632863
0,2718,72,6934.326110730991786
0,2719,72,6904.917943123612531
0,2720,72,6939.785658832081026
0,2721,72,6946.383561569938138
0,2722,72,6925.543109907821417
0,2723,72,6932.232300990786825
0,2724,72,6936.422639178037571
0,2725,72,6937.412854060246900
0,2726,72,6936.589581285062195
0,2727,72,6938.279544298237852
0,2728,72,6950.666852728596496
0,2729,72,6952.170626593686393
0,2730,72,6937.381346444986775
0,2731,72,6927.383168543379725
0,2732,72,6936.062318619549842
0,2733,72,6939.505142955485098
0,2734,72,6929.738040057490252
0,2735,72,6940.111627586178656
0,2736,72,6920.472991509122949
0,2737,72,6939.040464249297656
0,2738,72,6939.594221290731184
0,2739,72,6937.011781658799009
0,2740,72,6934.977658494416573
0,2741,72,6946.095741273500607
0,2742,72,6936.720599768583270
0,2743,72,6958.371663404922401
0,2744,72,6934.945325743447938
0,2745,72,6968.882148255591346
0,2746,72,6957.980429979165820
0,2747,72,6835.920567578110422
0,2748,72,8391.571452971800682
0,2749,371,17580.611353154625249
0,2750,371,15219.245344153539918
0,2751,275,17857.494843663262145
0,2752,274,35511.172675187386631
0,2753,567,28930.660709102859983
0,2754,567,42634.788413338770624
0,2755,288,48661.818761894850468
0,2756,288,36029.256832409897470
0,2757,288,36056.050697825652605
0,2758,288,36033.091499726018810
0,2759,288,36026.603586343269853
0,2760,288,36033.587497901935421
0,2761,288,36022.264347804266436
0,2762,288,36034.231202380477043
0,2763,288,36027.717587401821220
0,2764,288,36014.042634099503630
0,2765,288,36028.083794031153957
0,2766,288,36028.635305491116014
0,2767,288,36033.708612304326380
0,2768,288,36037.532660473210854
0,2769,288,36026.968741598604538
0,2770,288,36026.314631891968020
0,2771,288,36024.297410758823389
0,2772,288,36026.697861451037170
0,2773,288,36034.007261737438967
0,2774,288,36030.548665594847989
0,2775,288,36069.128147745541355
0,2776,288,36038.950108272358193
0,2777,288,36019.607986922535929
0,2778,288,36034.974877963650215
0,2779,288,36031.789576030008902
0,2780,288,35412.550810311899113
0,2781,288,36033.094198067599791
0,2782,288,36032.591138537281950
0,2783,288,36027.244297050900059
0,2784,288,36027.466441991644388
0,2785,288,36030.679531947920623
0,2786,288,36046.217629742634017
0,2787,274,34889.450919389273622
0,2788,72,6941.527279118487058
0,2789,72,7962.333500056267440
0,2790,72,6933.637492799336542
0,2791,72,6926.398414895630594
0,2792,72,6926.800602915559466
0,2793,72,6932.000240361406213
0,2794,72,6930.561943701767632
0,2795,72,6928.609744650299945
0,2796,72,6930.644733127984182
0,2797,72,6921.298900534019594
0,2798,72,6943.606860154809510
0,2799,72,6968.077138561005995
0,2800,72,6930.671031230688641
0,2801,72,6935.249157625678890
0,2802,72,6936.303722487115920
0,2803,72,6927.981167794743669
0,2804,72,6914.442663077325960
0,2805,72,6932.314409057371449
0,2806,72,6922.941831763476330
0,2807,72,6932.982825795616918
0,2808,72,6931.243776729214005
0,2809,72,6924.783849232673674
0,2810,72,6932.522359089631209
0,2811,72,6935.014577975375687
0,2812,72,6942.892355911332743
0,2813,72,6935.158177813656948
0,2814,72,6932.798311471526176
0,2815,72,6934.319438796986105
0,2816,72,6922.305899237942867
0,2817,72,6934.779986799244398
0,2818,72,6934.308213787702698
0,2819,72,6932.564423130810610
0,2820,72,6931.359602409977924
0,2821,72,6941.452101567608224
0,2822,72,6935.336892844440627
0,2823,72,6938.414044178044605
0,2824,72,6937.521541703840740
0,2825,72,6944.913506168306412
0,2826,72,6895.836550140384134
0,2827,72,6935.493617135086424
0,2828,72,6937.634792282927265
0,2829,72,6922.330321846589868
0,2830,72,6930.048888171688304
0,2831,72,6928.778565973575496
0,2832,72,6934.448119014700751
0,2833,72,6936.300595909777257
0,2834,72,6908.018164826066823
0,2835,72,6942.826361871701010
0,2836,72,6923.312108986907333
0,2837,72,6938.499356106123741
0,2838,72,6940.604665797165580
0,2839,274,21976.770757915899594
0,2840,567,35597.578219545459433
0,2841,567,30906.556274870494235
0,2842,288,36044.996077670082741
0,2843,288,36046.283370342636772
0,2844,288,36041.728786172541732
0,2845,288,36057.472436687363370
0,2846,288,36041.927028734091436
0,2847,288,36042.036759449307283
0,2848,288,36045.508077922211669
0,2849,288,36042.860421277779096
0,2850,288,36038.821570347834495
0,2851,288,36047.326867838717590
0,2852,288,36043.327696355510852
0,2853,288,36040.798405628185719
0,2854,288,36048.934798955073347
0,2855,288,36051.958355350951024
0,2856,288,36052.752482089817931
0,2857,288,36056.865688551930361
0,2858,288,36071.519121680299577
0,2859,288,36060.302457672107266
0,2860,288,35848.083188915428764
0,2861,288,35163.338666429634031
0,2862,288,36039.145510549184110
0,2863,288,36043.388395636029600
0,2864,288,35979.494567973284575
0,2865,288,36034.842258014592517
